caldt,exmkt,smb,hml,umd,rf
1927-01-31,-0.06,-0.37,4.54,0.36,0.25
1927-02-28,4.18,0.04,2.94,-2.14,0.26
1927-03-31,0.13,-1.65,-2.61,3.61,0.3
1927-04-30,0.46,0.3,0.81,4.3,0.25
1927-05-31,5.44,1.53,4.73,3.0,0.3
1927-06-30,-2.34,0.59,-1.73,0.6,0.26
1927-07-30,7.26,-3.25,-1.14,4.31,0.3
1927-08-31,1.97,-0.69,-3.74,1.36,0.28
1927-09-30,4.76,-3.63,-0.63,1.98,0.21
1927-10-31,-4.31,2.12,-4.33,-0.87,0.25
1927-11-30,6.58,2.72,-0.27,-0.51,0.21
1927-12-31,2.09,0.97,-1.13,3.21,0.22
1928-01-31,-0.68,4.26,-0.75,-0.52,0.25
1928-02-29,-1.7,-2.06,-0.65,-1.09,0.33
1928-03-31,8.81,-0.26,-1.22,4.7,0.29
1928-04-30,4.23,3.98,3.44,-4.41,0.22
1928-05-31,1.52,2.85,-3.27,3.02,0.32
1928-06-30,-4.85,-3.52,-0.03,2.04,0.31
1928-07-31,0.62,-1.32,-0.5,2.65,0.32
1928-08-31,6.68,-2.06,-2.15,3.54,0.32
1928-09-29,2.88,2.41,0.86,3.45,0.27
1928-10-31,1.33,2.22,-2.16,5.1,0.41
1928-11-30,11.81,-1.78,2.7,2.09,0.38
1928-12-31,0.36,-0.86,-0.65,1.54,0.06
1929-01-31,4.66,-3.56,-1.24,2.45,0.34
1929-02-28,-0.34,-0.38,1.66,3.05,0.36
1929-03-28,-0.89,-4.71,1.58,-0.64,0.34
1929-04-30,1.43,-0.97,0.59,1.91,0.36
1929-05-31,-6.39,-5.37,-1.42,-2.04,0.44
1929-06-29,9.7,-2.17,-2.79,8.6,0.52
1929-07-31,4.46,-3.88,2.71,2.96,0.33
1929-08-30,8.18,-9.59,0.13,4.7,0.4
1929-09-30,-5.47,1.19,-0.65,2.97,0.35
1929-10-31,-20.12,-4.01,7.78,4.1,0.46
1929-11-27,-12.74,-1.72,5.05,-2.39,0.37
1929-12-31,1.33,-4.5,-0.54,5.19,0.37
1930-01-31,5.61,3.55,-0.96,-5.16,0.14
1930-02-28,2.5,0.19,0.2,0.62,0.3
1930-03-31,7.1,3.41,0.33,-4.42,0.35
1930-04-30,-2.06,-0.35,-0.35,3.98,0.21
1930-05-29,-1.66,-2.01,-0.73,0.05,0.26
1930-06-30,-16.27,-3.38,2.33,6.64,0.27
1930-07-31,4.12,-0.28,-1.75,-2.19,0.2
1930-08-29,0.3,-2.1,-0.61,3.95,0.09
1930-09-30,-12.75,-2.21,-4.96,11.48,0.22
1930-10-31,-8.78,-0.12,-1.38,6.86,0.09
1930-11-29,-3.04,2.23,-3.66,-1.46,0.13
1930-12-31,-7.83,-4.6,-5.25,13.32,0.14
1931-01-31,6.24,3.45,7.12,-11.07,0.15
1931-02-28,10.88,3.59,1.92,-14.47,0.04
1931-03-31,-6.43,2.98,-3.44,9.46,0.13
1931-04-30,-9.98,-4.45,-3.82,11.4,0.08
1931-05-29,-13.24,5.35,-6.57,9.26,0.09
1931-06-30,13.9,-5.32,11.29,-17.88,0.08
1931-07-31,-6.62,1.42,-2.11,8.19,0.06
1931-08-31,0.41,-1.95,-1.47,-3.5,0.03
1931-09-30,-29.13,0.54,-6.77,10.15,0.03
1931-10-31,8.04,-1.87,1.7,3.27,0.1
1931-11-30,-9.08,4.31,-5.04,7.54,0.17
1931-12-31,-13.53,-0.55,-8.85,14.16,0.12
1932-01-30,-1.58,3.93,9.03,-10.87,0.23
1932-02-29,5.46,-2.78,-1.46,1.59,0.23
1932-03-31,-11.21,2.27,-2.32,9.92,0.16
1932-04-30,-17.96,1.45,1.43,6.97,0.11
1932-05-31,-20.51,3.91,-2.98,12.28,0.06
1932-06-30,-0.7,0.33,5.3,1.88,0.02
1932-07-30,33.84,-4.59,35.61,-45.02,0.03
1932-08-31,37.06,13.41,34.24,-52.05,0.03
1932-09-30,-2.94,-2.08,-7.36,2.36,0.03
1932-10-31,-13.17,-2.56,-10.33,4.95,0.02
1932-11-30,-5.88,2.0,-13.11,-1.83,0.02
1932-12-31,4.4,-8.64,-7.72,5.48,0.01
1933-01-31,1.25,0.63,6.36,-1.6,0.01
1933-02-28,-15.24,-2.58,-2.95,4.26,-0.03
1933-03-31,3.29,3.79,7.54,2.59,0.04
1933-04-29,38.85,3.07,19.65,-16.51,0.1
1933-05-31,21.43,36.56,19.19,-4.31,0.04
1933-06-30,13.11,8.42,-1.78,4.0,0.02
1933-07-31,-9.63,-1.05,3.27,0.1,0.02
1933-08-31,12.05,-5.39,3.0,7.59,0.03
1933-09-30,-10.65,-0.4,-11.74,1.58,0.02
1933-10-31,-8.36,-0.2,-8.57,-2.21,0.01
1933-11-29,9.97,-6.47,2.32,6.1,0.02
1933-12-30,1.83,0.63,-1.56,4.18,0.02
1934-01-31,12.6,12.69,15.59,-2.97,0.05
1934-02-28,-2.5,5.1,2.0,-0.29,0.02
1934-03-31,0.09,2.51,-2.7,-0.67,0.02
1934-04-30,-1.79,2.73,-3.73,-4.71,0.01
1934-05-31,-7.25,-0.29,-5.89,-2.56,0.01
1934-06-30,2.64,-2.23,-2.96,-0.96,0.01
1934-07-31,-10.96,-6.95,-10.7,8.71,0.01
1934-08-31,5.58,5.37,0.09,2.48,0.01
1934-09-29,-0.23,-1.52,-1.2,0.06,0.01
1934-10-31,-1.66,1.24,-5.08,6.9,0.01
1934-11-30,8.33,6.48,-2.15,3.83,0.01
1934-12-31,0.36,3.06,-3.14,4.73,0.01
1935-01-31,-3.45,1.07,-1.9,3.72,0.01
1935-02-28,-1.94,0.37,-7.44,13.92,0.02
1935-03-30,-3.68,-3.59,-5.12,2.49,0.01
1935-04-30,9.06,-1.47,4.47,-4.64,0.01
1935-05-31,3.47,-3.34,2.65,-3.62,0.01
1935-06-29,5.93,-2.57,-1.69,2.35,0.01
1935-07-31,7.51,1.88,6.93,-4.06,0.01
1935-08-31,2.65,6.2,6.08,-7.17,0.01
1935-09-30,2.63,1.53,-4.07,8.95,0.01
1935-10-31,7.03,2.72,-2.37,1.87,0.01
1935-11-30,4.88,4.54,12.06,-6.27,0.02
1935-12-31,4.56,0.17,0.95,3.78,0.01
1936-01-31,6.89,5.23,10.34,-3.33,0.01
1936-02-29,2.49,0.95,4.51,2.45,0.01
1936-03-31,0.99,0.69,-1.44,1.82,0.02
1936-04-30,-8.14,-6.06,-2.15,-7.65,0.02
1936-05-29,5.19,0.91,2.61,2.47,0.02
1936-06-30,2.4,-3.2,-1.2,0.38,0.03
1936-07-31,6.67,1.0,2.4,2.85,0.01
1936-08-31,0.99,0.6,3.82,0.65,0.02
1936-09-30,0.98,3.08,0.9,1.24,0.01
1936-10-31,7.12,-2.43,2.47,1.0,0.02
1936-11-30,3.27,8.77,-1.21,1.97,0.01
1936-12-31,0.21,3.96,4.3,2.01,0.0
1937-01-30,3.35,4.34,2.61,-1.9,0.01
1937-02-27,1.09,1.05,4.83,3.17,0.02
1937-03-31,-0.27,-1.69,6.5,2.7,0.01
1937-04-30,-7.36,-3.83,-3.66,-3.71,0.03
1937-05-28,-0.83,-0.68,-3.48,0.58,0.06
1937-06-30,-4.21,-3.76,-3.33,0.74,0.03
1937-07-31,8.91,0.89,0.81,-0.55,0.03
1937-08-31,-4.86,0.44,-2.25,-1.85,0.02
1937-09-30,-13.61,-6.98,-4.57,-7.01,0.04
1937-10-30,-9.61,0.41,-1.55,-1.6,0.02
1937-11-30,-8.31,-3.6,0.15,-1.23,0.02
1937-12-31,-4.24,-7.74,-0.4,4.67,0.0
1938-01-31,0.49,4.84,-1.61,-1.61,0.0
1938-02-28,5.84,0.4,-2.02,-2.91,0.0
1938-03-31,-23.82,-4.34,-3.54,15.55,-0.01
1938-04-30,14.51,6.46,0.23,-8.49,0.01
1938-05-31,-3.83,-2.51,-0.27,7.01,0.0
1938-06-30,23.87,4.3,0.32,-24.79,0.0
1938-07-30,7.34,6.64,2.2,-7.02,-0.01
1938-08-31,-2.67,-2.45,-4.72,3.64,0.0
1938-09-30,0.81,-2.73,-1.62,2.58,0.02
1938-10-31,7.8,5.81,5.03,-7.77,0.01
1938-11-30,-1.72,-2.57,-1.22,3.07,-0.06
1938-12-31,4.19,-1.82,0.53,2.18,0.0
1939-01-31,-5.96,-1.55,-3.94,-3.04,-0.01
1939-02-28,3.51,0.63,2.95,3.27,0.01
1939-03-31,-11.99,-4.75,-8.31,-1.55,-0.01
1939-04-29,-0.18,1.67,-0.3,2.56,0.0
1939-05-31,6.8,2.8,0.49,3.54,0.01
1939-06-30,-5.31,-1.01,-5.42,2.05,0.01
1939-07-31,10.24,4.32,-0.03,-0.55,0.0
1939-08-31,-6.68,-4.61,-2.42,5.95,-0.01
1939-09-30,16.88,20.24,22.22,-31.03,0.01
1939-10-31,-0.53,-0.01,-4.89,6.56,0.0
1939-11-30,-3.62,-5.07,-6.46,-0.29,0.0
1939-12-30,3.03,0.79,-4.06,5.38,0.0
1940-01-31,-2.41,0.21,-0.81,1.75,0.0
1940-02-29,1.44,2.51,-0.33,1.79,0.0
1940-03-30,2.05,1.25,-1.27,-0.36,0.0
1940-04-30,0.22,3.92,-0.13,3.24,0.0
1940-05-31,-21.95,-6.66,-3.69,2.95,-0.02
1940-06-29,6.67,-2.13,4.62,-2.14,0.0
1940-07-31,3.16,1.01,-0.74,0.8,0.01
1940-08-31,2.19,-0.11,0.56,-1.57,-0.01
1940-09-30,2.39,3.22,-1.13,-0.28,0.0
1940-10-31,3.02,0.28,4.64,-6.51,0.0
1940-11-30,-1.61,1.94,0.12,1.28,0.0
1940-12-31,0.69,-2.15,-0.89,3.48,0.0
1941-01-31,-4.17,1.0,3.83,-4.43,-0.01
1941-02-28,-1.43,-1.56,0.89,0.97,-0.01
1941-03-31,0.84,0.1,3.04,2.44,0.01
1941-04-30,-5.46,-1.68,3.41,3.01,-0.01
1941-05-31,1.39,-0.65,0.6,2.52,0.0
1941-06-30,5.83,1.32,0.59,-0.95,0.0
1941-07-31,5.87,5.71,7.25,-1.63,0.03
1941-08-30,-0.17,-0.42,-1.1,0.12,0.01
1941-09-30,-0.87,-0.99,-0.28,-1.65,0.01
1941-10-31,-5.25,-2.02,1.63,4.75,0.0
1941-11-29,-1.92,-1.21,-0.64,4.05,0.0
1941-12-31,-4.87,-2.99,-5.94,0.25,0.01
1942-01-31,0.79,7.53,10.1,-3.57,0.02
1942-02-28,-2.46,1.72,-1.13,-0.75,0.01
1942-03-31,-6.58,1.77,-0.62,-0.33,0.01
1942-04-30,-4.37,-0.6,2.09,-0.71,0.01
1942-05-29,5.94,-3.05,-2.65,-4.71,0.03
1942-06-30,2.69,-1.22,0.54,-1.32,0.02
1942-07-31,3.51,-0.15,2.4,0.75,0.03
1942-08-31,1.8,-0.09,1.35,-0.18,0.03
1942-09-30,2.61,0.63,2.35,-0.64,0.03
1942-10-31,6.82,1.75,6.39,-4.07,0.03
1942-11-30,0.15,-1.5,-4.21,-0.88,0.03
1942-12-31,5.12,-2.51,0.58,3.26,0.03
1943-01-30,7.13,8.8,8.18,-0.36,0.03
1943-02-27,6.15,4.75,6.4,-1.55,0.03
1943-03-31,6.01,4.99,5.48,4.85,0.03
1943-04-30,0.81,2.05,5.82,6.17,0.03
1943-05-29,5.74,4.35,3.25,5.64,0.03
1943-06-30,1.82,-1.02,-0.7,-1.29,0.03
1943-07-31,-4.77,-2.39,-2.29,-4.57,0.03
1943-08-31,1.3,-0.6,-0.43,0.88,0.03
1943-09-30,2.4,1.29,1.43,1.8,0.03
1943-10-30,-1.15,0.58,1.64,-0.57,0.03
1943-11-30,-5.91,-1.65,-4.02,-4.6,0.03
1943-12-31,6.36,3.34,3.24,6.03,0.03
1944-01-31,1.74,2.55,2.16,0.98,0.03
1944-02-29,0.37,-0.1,0.84,0.33,0.03
1944-03-31,2.46,1.73,3.43,2.51,0.02
1944-04-29,-1.69,-1.37,-1.14,0.55,0.03
1944-05-31,5.07,1.68,1.04,1.98,0.03
1944-06-30,5.49,4.01,1.75,-5.13,0.03
1944-07-31,-1.49,0.58,-0.42,0.13,0.03
1944-08-31,1.57,2.33,-1.49,4.66,0.03
1944-09-30,0.01,0.49,-1.16,-1.06,0.02
1944-10-31,0.16,-0.15,-0.33,-1.34,0.03
1944-11-30,1.71,0.36,2.38,1.34,0.03
1944-12-30,4.03,2.25,5.91,3.36,0.02
1945-01-31,2.01,2.46,0.67,0.02,0.03
1945-02-28,6.23,1.55,4.34,3.1,0.02
1945-03-31,-3.89,-1.6,-1.74,-3.26,0.02
1945-04-30,7.8,0.32,3.24,4.82,0.03
1945-05-31,1.73,1.52,0.36,0.11,0.03
1945-06-30,0.39,3.12,4.21,4.14,0.02
1945-07-31,-2.17,-1.52,-2.62,-2.7,0.03
1945-08-31,6.2,1.5,-4.27,-1.31,0.03
1945-09-29,4.77,1.7,0.42,1.25,0.03
1945-10-31,3.89,2.38,2.13,0.12,0.03
1945-11-30,5.39,4.31,3.96,4.11,0.02
1945-12-31,1.2,2.1,-2.28,1.25,0.03
1946-01-31,6.24,3.91,2.48,3.78,0.03
1946-02-28,-5.83,-0.71,-1.46,-1.44,0.03
1946-03-30,5.87,0.29,-0.54,2.68,0.03
1946-04-30,4.23,2.35,0.32,2.98,0.03
1946-05-31,3.93,1.46,1.28,-0.46,0.03
1946-06-28,-3.89,-1.58,-0.39,-2.5,0.03
1946-07-31,-2.69,-2.07,0.07,-0.02,0.03
1946-08-30,-6.44,-1.84,0.55,-0.04,0.03
1946-09-30,-10.17,-4.4,-1.92,0.74,0.03
1946-10-31,-1.44,0.1,3.46,1.03,0.03
1946-11-30,-0.01,-0.44,1.47,0.19,0.03
1946-12-31,4.96,0.08,-1.36,-0.08,0.03
1947-01-31,1.25,2.2,-0.73,-6.36,0.03
1947-02-28,-1.08,0.68,0.15,-0.52,0.03
1947-03-31,-1.67,-1.62,0.61,4.13,0.03
1947-04-30,-4.8,-3.96,0.85,4.99,0.03
1947-05-29,-0.97,-3.26,0.33,3.34,0.03
1947-06-30,5.29,-0.3,-0.59,-1.67,0.03
1947-07-31,4.14,1.43,2.82,-3.43,0.03
1947-08-29,-1.74,0.32,0.18,3.33,0.03
1947-09-30,-0.54,1.64,1.36,0.01,0.06
1947-10-31,2.47,0.51,0.07,1.57,0.06
1947-11-29,-1.97,-1.71,1.1,4.27,0.06
1947-12-31,3.0,-2.46,3.71,3.62,0.08
1948-01-31,-3.93,2.5,1.39,-4.3,0.07
1948-02-28,-4.38,-1.72,0.07,1.44,0.07
1948-03-31,8.07,0.14,4.5,-0.31,0.09
1948-04-30,3.65,-1.65,4.11,4.09,0.08
1948-05-28,7.3,0.91,-1.27,2.3,0.08
1948-06-30,-0.1,-1.82,2.81,4.08,0.09
1948-07-30,-5.09,-0.33,0.14,-1.61,0.08
1948-08-31,0.25,-1.11,0.28,0.23,0.09
1948-09-30,-2.97,-1.23,-1.71,-1.31,0.04
1948-10-30,5.96,-1.5,0.58,2.8,0.04
1948-11-30,-9.3,-0.6,-4.13,0.54,0.04
1948-12-31,3.26,-2.82,-1.94,4.63,0.04
1949-01-31,0.23,1.77,1.23,-2.9,0.1
1949-02-28,-2.93,-1.9,-0.86,-0.41,0.09
1949-03-31,4.04,2.5,1.29,-0.94,0.1
1949-04-30,-1.87,-0.89,-1.13,3.1,0.09
1949-05-31,-2.94,-0.79,-2.37,2.98,0.1
1949-06-30,0.1,-0.91,-1.65,-1.06,0.1
1949-07-29,5.54,0.55,0.37,-1.49,0.09
1949-08-31,2.6,0.2,-0.55,1.72,0.09
1949-09-30,3.09,1.0,0.19,-1.41,0.09
1949-10-31,3.14,1.04,-0.48,0.06,0.09
1949-11-30,1.82,-1.02,-0.96,1.22,0.08
1949-12-31,5.13,2.06,1.77,-0.78,0.09
1950-01-31,1.7,3.33,0.12,-2.34,0.09
1950-02-28,1.48,0.03,-0.79,1.39,0.09
1950-03-31,1.26,-1.44,-2.81,1.47,0.1
1950-04-29,3.94,1.94,1.3,0.41,0.09
1950-05-31,4.31,-2.1,0.46,0.37,0.1
1950-06-30,-5.94,-2.34,-0.7,-1.58,0.1
1950-07-31,1.36,0.69,13.56,-0.47,0.1
1950-08-31,4.85,0.76,-1.5,3.19,0.1
1950-09-29,4.81,0.49,-1.07,-0.17,0.1
1950-10-31,-0.18,-0.47,1.3,1.53,0.12
1950-11-30,2.76,-0.89,3.33,3.63,0.11
1950-12-30,5.54,1.47,7.36,4.99,0.11
1951-01-31,5.7,1.76,3.64,2.0,0.13
1951-02-28,1.41,0.08,-2.85,-1.55,0.1
1951-03-31,-2.15,-0.77,-4.1,-2.97,0.11
1951-04-30,4.86,-1.45,3.27,6.01,0.13
1951-05-31,-2.34,0.0,-1.37,-0.93,0.12
1951-06-29,-2.62,-2.06,-3.75,-2.38,0.12
1951-07-31,6.94,-1.99,2.06,7.27,0.13
1951-08-31,4.27,0.99,-0.13,1.0,0.13
1951-09-28,0.7,1.87,0.63,0.49,0.12
1951-10-31,-2.53,-0.22,0.23,-0.2,0.16
1951-11-30,0.57,-0.32,-0.06,0.57,0.11
1951-12-31,3.33,-2.26,-1.59,1.68,0.12
1952-01-31,1.45,-0.61,1.55,1.35,0.15
1952-02-29,-2.62,0.82,-0.61,-0.68,0.12
1952-03-31,4.44,-2.99,2.17,1.59,0.11
1952-04-30,-4.97,0.46,-0.1,-2.06,0.12
1952-05-29,3.2,-1.0,0.04,0.51,0.13
1952-06-30,3.83,-1.64,1.24,1.48,0.15
1952-07-31,0.91,-0.4,-0.35,-0.57,0.15
1952-08-29,-0.76,1.15,0.01,0.34,0.15
1952-09-30,-2.03,1.11,-1.52,1.7,0.16
1952-10-31,-0.66,-1.05,-0.46,2.82,0.14
1952-11-28,5.94,-0.72,0.97,0.48,0.1
1952-12-31,2.93,-1.48,0.19,1.59,0.16
1953-01-30,-0.34,3.61,1.32,0.71,0.16
1953-02-27,-0.27,2.15,-0.09,0.88,0.14
1953-03-31,-1.43,-0.22,-0.85,0.07,0.18
1953-04-30,-2.83,0.3,1.57,1.91,0.16
1953-05-29,0.52,-0.07,0.23,0.94,0.17
1953-06-30,-1.89,-1.87,-0.47,0.0,0.18
1953-07-31,2.4,-1.0,-0.22,-0.25,0.15
1953-08-31,-4.52,0.29,-3.53,2.12,0.17
1953-09-30,0.2,-0.84,-2.44,2.85,0.16
1953-10-30,4.6,-1.35,-0.25,0.21,0.13
1953-11-30,2.83,-1.3,-0.15,1.9,0.08
1953-12-31,0.03,-0.85,-2.84,5.21,0.13
1954-01-29,5.13,0.48,3.44,-5.83,0.11
1954-02-26,1.67,-0.19,-0.29,1.04,0.07
1954-03-31,3.65,-0.54,-1.5,2.04,0.08
1954-04-30,4.27,-3.44,-0.34,4.97,0.09
1954-05-28,3.09,0.41,2.45,-1.9,0.05
1954-06-30,1.07,0.38,0.01,3.51,0.06
1954-07-30,4.99,1.06,4.13,0.48,0.05
1954-08-31,-2.34,2.69,-1.38,-0.66,0.05
1954-09-30,6.39,-2.53,0.68,1.56,0.09
1954-10-29,-1.67,0.62,0.67,0.95,0.07
1954-11-30,9.38,-2.62,4.4,1.9,0.06
1954-12-31,5.48,2.12,5.66,-1.33,0.08
1955-01-31,0.6,0.36,2.14,1.36,0.08
1955-02-28,3.02,1.59,0.58,1.09,0.09
1955-03-31,-0.16,-0.74,1.97,1.04,0.1
1955-04-29,3.11,-1.62,0.68,0.07,0.1
1955-05-31,0.93,-0.28,-0.96,0.51,0.14
1955-06-30,6.55,-4.65,1.84,4.62,0.1
1955-07-29,1.9,-1.17,0.35,-1.21,0.1
1955-08-31,0.21,-0.44,0.72,1.79,0.16
1955-09-30,-0.36,0.35,-0.99,1.82,0.16
1955-10-31,-2.68,1.48,-0.15,-0.6,0.18
1955-11-30,7.03,-2.22,0.33,2.7,0.17
1955-12-30,1.49,2.16,-2.3,-1.35,0.18
1956-01-31,-3.03,0.37,0.95,-1.4,0.22
1956-02-29,3.77,-0.98,-0.43,1.96,0.19
1956-03-29,6.64,-2.09,-0.46,3.6,0.15
1956-04-30,0.28,0.01,-0.24,2.58,0.19
1956-05-31,-5.2,1.45,-1.31,-1.61,0.23
1956-06-29,3.48,-1.48,-1.13,2.73,0.2
1956-07-31,4.84,-1.66,-0.04,2.5,0.22
1956-08-31,-3.18,1.89,-0.74,-0.69,0.17
1956-09-28,-5.14,1.57,1.76,-0.75,0.18
1956-10-31,0.52,-0.1,-0.06,2.43,0.25
1956-11-30,0.36,-0.21,1.78,3.41,0.2
1956-12-31,3.16,-0.01,-2.15,3.82,0.24
1957-01-31,-3.58,3.37,2.81,-3.09,0.27
1957-02-28,-2.06,-0.72,-0.72,0.32,0.24
1957-03-29,2.13,0.26,-0.48,-0.18,0.23
1957-04-30,4.26,-1.59,-1.45,1.0,0.25
1957-05-31,3.45,-1.05,-2.1,0.48,0.26
1957-06-28,-0.74,0.54,0.01,0.79,0.24
1957-07-31,0.66,-0.76,0.43,-0.07,0.3
1957-08-30,-5.11,0.05,-0.41,0.47,0.25
1957-09-30,-5.98,0.08,0.92,0.53,0.26
1957-10-31,-4.32,-2.52,-1.8,1.95,0.29
1957-11-29,2.3,0.4,-2.87,1.27,0.28
1957-12-31,-3.91,-0.98,-1.62,7.82,0.24
1958-01-31,4.66,4.39,4.19,-7.62,0.28
1958-02-28,-1.52,0.65,0.33,3.73,0.12
1958-03-31,3.27,0.65,-0.97,-1.88,0.09
1958-04-30,3.09,-0.62,1.61,1.84,0.08
1958-05-29,2.31,2.16,-0.26,-1.8,0.11
1958-06-30,2.93,-0.19,0.4,-0.88,0.03
1958-07-31,4.39,0.47,3.06,-3.7,0.07
1958-08-29,1.91,1.18,0.36,0.21,0.04
1958-09-30,4.66,0.12,2.85,-1.1,0.19
1958-10-31,2.53,1.09,-1.18,3.15,0.18
1958-11-28,3.01,1.97,-1.18,1.58,0.11
1958-12-31,5.15,-2.03,0.03,-0.63,0.22
1959-01-30,0.71,3.02,2.91,-0.26,0.21
1959-02-27,0.95,1.46,1.16,3.45,0.19
1959-03-31,0.28,1.49,-0.34,0.16,0.22
1959-04-30,3.66,-0.6,-1.23,3.17,0.2
1959-05-29,1.73,-2.16,1.79,1.49,0.22
1959-06-30,-0.25,0.67,1.31,2.9,0.25
1959-07-31,3.17,-0.3,0.23,-0.3,0.25
1959-08-31,-1.39,-0.76,0.44,-1.0,0.19
1959-09-30,-4.8,-0.09,0.55,0.93,0.31
1959-10-30,1.28,1.44,-2.1,3.71,0.3
1959-11-30,1.6,1.23,-3.21,2.23,0.26
1959-12-31,2.45,-0.58,-0.07,1.03,0.34
1960-01-29,-6.98,2.09,2.78,-3.54,0.33
1960-02-29,1.17,0.51,-1.93,3.92,0.29
1960-03-31,-1.63,-0.49,-2.94,1.38,0.35
1960-04-29,-1.71,0.32,-2.28,2.84,0.19
1960-05-31,3.12,1.21,-3.7,4.79,0.27
1960-06-30,2.08,-0.21,-0.34,0.86,0.24
1960-07-29,-2.37,-0.51,1.98,-0.81,0.13
1960-08-31,3.01,0.87,-0.18,1.91,0.17
1960-09-30,-5.99,-1.11,1.62,0.32,0.16
1960-10-31,-0.71,-4.08,2.83,1.25,0.22
1960-11-30,4.69,0.4,-2.43,3.78,0.13
1960-12-30,4.71,-1.55,-0.81,1.41,0.16
1961-01-31,6.2,0.64,3.72,-4.0,0.19
1961-02-28,3.57,3.93,-0.66,0.98,0.14
1961-03-30,2.89,3.3,-0.73,4.54,0.2
1961-04-28,0.29,0.07,2.12,3.6,0.17
1961-05-31,2.4,2.01,0.37,-1.57,0.18
1961-06-30,-3.08,-2.49,-0.14,0.33,0.2
1961-07-31,2.83,-1.9,-0.09,0.27,0.18
1961-08-31,2.57,-1.75,-0.28,1.59,0.14
1961-09-29,-2.15,-1.07,-0.61,0.82,0.17
1961-10-31,2.57,-1.65,0.15,3.11,0.19
1961-11-30,4.45,1.26,-1.23,1.35,0.15
1961-12-29,-0.18,-0.85,1.79,-2.21,0.19
1962-01-31,-3.87,1.77,5.13,-2.03,0.24
1962-02-28,1.81,-1.15,0.82,-1.01,0.2
1962-03-30,-0.68,0.52,-1.38,1.84,0.2
1962-04-30,-6.59,-0.7,0.03,2.91,0.22
1962-05-31,-8.65,-3.34,2.77,0.41,0.24
1962-06-29,-8.47,-0.59,2.55,6.46,0.2
1962-07-31,6.28,1.52,-3.41,0.52,0.27
1962-08-31,2.13,1.22,-1.2,-0.6,0.23
1962-09-28,-5.22,-2.42,1.28,3.95,0.21
1962-10-31,-0.05,-3.97,1.3,0.76,0.25
1962-11-30,10.87,2.61,0.95,-7.16,0.2
1962-12-31,1.01,-3.8,0.36,5.89,0.23
1963-01-31,4.93,3.08,2.21,-2.11,0.25
1963-02-28,-2.38,0.48,2.18,2.53,0.23
1963-03-29,3.08,-2.59,2.06,1.62,0.23
1963-04-30,4.51,-1.34,1.0,-0.09,0.25
1963-05-31,1.76,1.13,2.54,0.33,0.24
1963-06-28,-2.0,-0.27,0.75,1.21,0.23
1963-07-31,-0.39,-0.45,-0.97,0.9,0.27
1963-08-30,5.07,-0.98,1.8,1.01,0.25
1963-09-30,-1.57,-0.33,0.13,0.19,0.27
1963-10-31,2.53,-0.58,-0.1,3.12,0.29
1963-11-29,-0.85,-1.17,1.75,-0.74,0.27
1963-12-31,1.83,-2.16,-0.02,1.75,0.29
1964-01-31,2.24,-0.11,1.48,0.86,0.3
1964-02-28,1.54,0.11,2.81,0.26,0.26
1964-03-31,1.41,0.87,3.4,0.75,0.31
1964-04-30,0.1,-1.35,-0.67,-0.58,0.29
1964-05-28,1.42,-0.86,1.86,2.57,0.26
1964-06-30,1.27,-0.12,0.62,0.46,0.3
1964-07-31,1.74,0.24,0.75,-0.35,0.3
1964-08-31,-1.44,0.16,0.08,-0.22,0.28
1964-09-30,2.69,-0.54,1.7,-0.41,0.28
1964-10-30,0.59,0.42,1.17,0.08,0.29
1964-11-30,0.0,0.69,-1.96,1.03,0.29
1964-12-31,0.03,-0.35,-2.48,-0.74,0.31
1965-01-29,3.54,2.7,0.12,-1.44,0.28
1965-02-26,0.44,3.55,0.11,0.32,0.3
1965-03-31,-1.34,1.89,1.03,0.15,0.36
1965-04-30,3.11,1.1,0.66,2.63,0.31
1965-05-28,-0.77,0.11,-1.61,0.6,0.31
1965-06-30,-5.51,-4.34,0.59,-3.13,0.35
1965-07-30,1.43,0.89,2.2,4.1,0.31
1965-08-31,2.73,2.84,-1.0,2.58,0.33
1965-09-30,2.86,0.64,-0.13,3.3,0.31
1965-10-29,2.6,2.52,1.56,3.46,0.31
1965-11-30,-0.03,4.68,0.15,4.45,0.35
1965-12-31,1.01,2.06,2.03,0.12,0.33
1966-01-31,0.72,3.84,3.56,5.39,0.38
1966-02-28,-1.21,4.4,0.33,4.57,0.35
1966-03-31,-2.51,0.99,-1.98,1.42,0.38
1966-04-29,2.14,3.43,-0.46,6.28,0.34
1966-05-31,-5.66,-4.6,-1.63,-4.7,0.41
1966-06-30,-1.44,1.03,0.5,3.25,0.38
1966-07-29,-1.63,-0.36,0.95,-1.34,0.35
1966-08-31,-7.91,-3.27,0.43,-2.14,0.41
1966-09-30,-1.06,-1.04,0.56,-1.84,0.4
1966-10-31,3.86,-6.52,2.69,-5.26,0.45
1966-11-30,1.4,4.24,-4.69,5.72,0.4
1966-12-30,0.13,1.97,-1.19,1.06,0.4
1967-01-31,8.15,8.32,2.27,-6.93,0.43
1967-02-28,0.78,3.35,-2.22,3.52,0.36
1967-03-31,3.99,1.55,0.37,1.53,0.39
1967-04-28,3.89,0.63,-2.48,0.59,0.32
1967-05-31,-4.33,1.9,1.09,0.72,0.33
1967-06-30,2.41,5.93,0.85,6.0,0.27
1967-07-31,4.58,3.12,2.73,-1.07,0.31
1967-08-31,-0.89,0.42,1.44,-1.38,0.31
1967-09-29,3.11,3.06,-2.5,2.52,0.32
1967-10-31,-3.09,1.46,-3.3,3.67,0.39
1967-11-30,0.37,0.21,-1.7,1.26,0.36
1967-12-29,3.05,5.73,-0.53,3.25,0.33
1968-01-31,-4.06,3.92,4.8,-4.7,0.4
1968-02-29,-3.75,-2.94,1.28,-3.43,0.39
1968-03-29,0.2,-1.34,-0.59,3.23,0.38
1968-04-30,9.05,5.68,-1.13,5.09,0.43
1968-05-31,2.28,6.4,0.85,3.8,0.45
1968-06-28,0.69,-0.19,0.73,-1.9,0.43
1968-07-30,-2.72,-1.36,5.39,-0.88,0.48
1968-08-30,1.34,2.34,1.01,1.89,0.42
1968-09-30,4.03,2.8,0.3,-0.65,0.43
1968-10-31,0.42,-0.48,2.86,-1.46,0.44
1968-11-29,5.43,2.34,-0.92,1.75,0.42
1968-12-31,-3.94,3.37,-0.01,-0.01,0.43
1969-01-31,-1.25,-0.74,1.67,-0.17,0.53
1969-02-28,-5.84,-3.92,0.91,-2.36,0.46
1969-03-28,2.64,-0.3,-0.51,3.97,0.46
1969-04-30,1.46,-0.86,-0.03,1.13,0.53
1969-05-29,-0.1,-0.21,0.7,1.7,0.48
1969-06-30,-7.18,-5.37,-1.08,-2.3,0.51
1969-07-31,-7.0,-3.24,1.2,1.71,0.53
1969-08-29,4.68,0.93,-3.79,2.17,0.5
1969-09-30,-2.98,1.18,-3.27,2.52,0.62
1969-10-31,5.06,3.91,-3.16,-4.31,0.6
1969-11-28,-3.79,-2.58,-1.19,3.66,0.52
1969-12-31,-2.63,-3.71,-2.86,4.96,0.64
1970-01-30,-8.1,2.93,3.13,0.6,0.6
1970-02-27,5.13,-2.58,3.93,0.23,0.62
1970-03-31,-1.06,-2.32,3.99,-0.36,0.57
1970-04-30,-11.0,-6.15,6.18,-0.77,0.5
1970-05-29,-6.92,-4.59,3.33,-2.78,0.53
1970-06-30,-5.79,-2.13,0.6,5.7,0.58
1970-07-31,6.93,-0.5,0.9,-3.14,0.52
1970-08-31,4.49,1.52,1.15,-6.55,0.53
1970-09-30,4.18,8.59,-5.47,-8.8,0.54
1970-10-30,-2.28,-4.21,0.22,9.42,0.46
1970-11-30,4.6,-3.94,1.69,2.73,0.46
1970-12-31,5.72,2.92,1.0,-2.23,0.42
1971-01-29,4.84,7.36,1.33,-6.51,0.38
1971-02-26,1.41,1.86,-1.23,0.79,0.33
1971-03-31,4.13,2.62,-3.95,-1.41,0.3
1971-04-30,3.15,-0.49,0.69,1.41,0.28
1971-05-28,-3.98,-1.04,-1.44,0.86,0.29
1971-06-30,-0.1,-1.47,-1.87,2.73,0.37
1971-07-30,-4.5,-1.48,0.02,-2.35,0.4
1971-08-31,3.79,-0.17,2.63,3.61,0.47
1971-09-30,-0.85,0.51,-2.91,2.12,0.37
1971-10-29,-4.42,-1.76,-0.48,0.47,0.37
1971-11-30,-0.46,-2.77,-1.68,1.51,0.37
1971-12-31,8.71,3.29,-0.4,-0.58,0.37
1972-01-31,2.49,5.85,2.24,0.17,0.29
1972-02-29,2.87,1.3,-2.79,2.54,0.25
1972-03-30,0.63,-0.24,-1.61,2.94,0.27
1972-04-28,0.29,0.11,0.12,2.81,0.29
1972-05-31,1.25,-2.69,-2.7,3.29,0.3
1972-06-30,-2.43,0.27,-2.48,1.9,0.29
1972-07-31,-0.8,-2.87,0.66,2.75,0.31
1972-08-31,3.26,-4.03,4.54,-5.4,0.29
1972-09-29,-1.14,-2.65,0.46,1.82,0.34
1972-10-31,0.52,-2.73,1.34,0.71,0.4
1972-11-30,4.6,-1.2,4.85,-5.09,0.37
1972-12-29,0.62,-1.95,-2.19,4.92,0.37
1973-01-31,-3.29,-3.49,2.68,3.73,0.44
1973-02-28,-4.85,-3.87,1.6,2.16,0.41
1973-03-30,-1.3,-2.82,2.62,3.59,0.46
1973-04-30,-5.68,-3.85,5.41,6.36,0.52
1973-05-31,-2.94,-6.3,0.41,7.14,0.51
1973-06-29,-1.57,-2.86,1.2,4.3,0.51
1973-07-31,5.05,7.97,-5.31,-11.57,0.64
1973-08-31,-3.82,-2.13,1.24,3.46,0.7
1973-09-28,4.75,3.04,2.01,-7.0,0.68
1973-10-31,-0.83,-0.45,1.94,6.87,0.65
1973-11-30,-12.75,-7.67,3.87,8.66,0.56
1973-12-31,0.61,-5.35,3.85,10.38,0.64
1974-01-31,-0.17,9.68,6.02,-8.85,0.63
1974-02-28,-0.47,-0.18,2.81,0.32,0.58
1974-03-29,-2.81,2.6,-0.32,-1.05,0.56
1974-04-30,-5.29,-0.74,0.85,2.11,0.75
1974-05-31,-4.68,-2.96,-2.02,-0.39,0.75
1974-06-28,-2.83,-0.17,0.77,2.31,0.6
1974-07-31,-8.05,0.84,5.16,3.11,0.7
1974-08-30,-9.35,-0.73,2.64,3.0,0.6
1974-09-30,-11.77,0.27,5.58,4.24,0.81
1974-10-31,16.1,-3.46,-9.87,-0.54,0.51
1974-11-29,-4.51,-1.21,-0.2,2.13,0.54
1974-12-31,-3.45,-4.83,0.11,2.92,0.7
1975-01-31,13.66,11.14,8.28,-13.82,0.58
1975-02-28,5.56,0.16,-4.44,-0.61,0.43
1975-03-31,2.66,3.78,2.38,-2.04,0.41
1975-04-30,4.23,-0.65,-1.14,1.38,0.44
1975-05-30,5.19,3.83,-4.1,-0.58,0.44
1975-06-30,4.83,0.87,1.38,0.04,0.41
1975-07-31,-6.59,2.7,1.69,0.42,0.48
1975-08-29,-2.85,-3.25,-0.95,-0.1,0.48
1975-09-30,-4.26,-0.1,0.39,0.41,0.53
1975-10-31,5.31,-4.03,0.28,-0.16,0.56
1975-11-28,2.64,-1.2,2.03,-0.45,0.41
1975-12-31,-1.6,-0.78,1.69,-0.11,0.48
1976-01-30,12.16,4.81,8.63,4.45,0.47
1976-02-27,0.32,7.06,5.87,0.38,0.34
1976-03-31,2.32,-1.16,-0.12,0.15,0.4
1976-04-30,-1.49,-0.11,-0.16,0.59,0.42
1976-05-28,-1.34,-1.23,-1.36,-1.12,0.37
1976-06-30,4.05,-1.32,0.71,-0.42,0.43
1976-07-30,-1.07,0.29,1.73,-0.13,0.47
1976-08-31,-0.56,-2.0,0.81,-0.85,0.42
1976-09-30,2.07,-0.02,-0.29,0.22,0.44
1976-10-29,-2.42,0.22,-0.18,-0.44,0.41
1976-11-30,0.36,2.32,1.51,2.91,0.4
1976-12-31,5.65,3.03,2.27,0.73,0.4
1977-01-31,-4.05,4.76,4.27,4.0,0.36
1977-02-28,-1.94,1.04,0.47,0.36,0.35
1977-03-31,-1.37,1.0,1.09,0.55,0.38
1977-04-29,0.15,-0.12,3.38,4.21,0.38
1977-05-31,-1.45,1.18,0.85,2.03,0.37
1977-06-30,4.71,2.09,-0.74,1.66,0.4
1977-07-29,-1.69,2.16,-0.56,0.32,0.42
1977-08-31,-1.75,1.48,-2.7,-1.7,0.44
1977-09-30,-0.27,1.34,-0.52,2.0,0.43
1977-10-31,-4.38,1.25,1.75,-0.08,0.49
1977-11-30,4.0,3.73,0.26,2.01,0.5
1977-12-30,0.27,1.32,-0.29,1.58,0.49
1978-01-31,-6.01,2.24,3.36,-0.66,0.49
1978-02-28,-1.38,3.59,0.83,1.97,0.46
1978-03-31,2.85,3.49,1.18,1.37,0.53
1978-04-28,7.88,0.45,-3.54,0.86,0.54
1978-05-31,1.76,4.56,-0.52,2.83,0.51
1978-06-30,-1.69,1.66,0.57,2.74,0.54
1978-07-31,5.11,0.23,-1.15,4.17,0.56
1978-08-31,3.75,5.06,-0.51,2.83,0.56
1978-09-29,-1.43,-0.43,1.89,-3.14,0.62
1978-10-31,-11.91,-9.86,1.38,-8.46,0.68
1978-11-30,2.71,2.97,-2.15,5.45,0.7
1978-12-29,0.88,1.29,-2.13,3.03,0.78
1979-01-31,4.23,3.62,2.19,-1.36,0.77
1979-02-28,-3.56,0.45,1.17,-1.06,0.73
1979-03-30,5.68,3.26,-0.71,2.93,0.81
1979-04-30,-0.06,2.15,1.12,0.81,0.8
1979-05-31,-2.21,0.21,1.31,-0.54,0.82
1979-06-29,3.85,1.17,1.44,0.84,0.81
1979-07-31,0.82,1.28,1.86,-1.07,0.77
1979-08-31,5.53,2.05,-1.58,-0.2,0.77
1979-09-28,-0.82,-0.27,-0.9,5.28,0.83
1979-10-31,-8.1,-3.37,-1.84,2.01,0.87
1979-11-30,5.21,2.87,-3.29,8.14,0.99
1979-12-31,1.79,4.17,-2.1,4.78,0.95
1980-01-31,5.51,1.62,1.75,7.55,0.8
1980-02-29,-1.22,-1.85,0.61,7.88,0.89
1980-03-31,-12.9,-6.64,-1.01,-9.55,1.21
1980-04-30,3.97,1.05,1.06,-0.43,1.26
1980-05-30,5.26,2.13,0.38,-1.12,0.81
1980-06-30,3.06,1.66,-0.76,1.62,0.61
1980-07-31,6.49,4.14,-6.41,0.39,0.53
1980-08-29,1.8,3.92,-2.6,3.21,0.64
1980-09-30,2.19,0.98,-4.59,5.39,0.75
1980-10-31,1.06,2.47,-2.76,7.3,0.95
1980-11-28,9.59,-3.36,-8.33,15.22,0.96
1980-12-31,-4.52,-0.26,2.79,-6.68,1.31
1981-01-30,-5.04,2.92,6.72,-7.95,1.04
1981-02-27,0.57,-0.34,1.02,-1.35,1.07
1981-03-31,3.56,3.54,0.64,0.74,1.21
1981-04-30,-2.11,4.4,2.28,-0.91,1.08
1981-05-29,0.11,2.0,-0.42,3.7,1.15
1981-06-30,-2.36,-0.83,5.13,-5.81,1.35
1981-07-31,-1.54,-2.19,-0.5,-2.45,1.24
1981-08-31,-7.04,-1.95,4.76,-1.15,1.28
1981-09-30,-7.17,-2.65,5.17,1.95,1.24
1981-10-30,4.92,2.23,-4.21,4.01,1.21
1981-11-30,3.36,-1.03,1.83,-0.27,1.07
1981-12-31,-3.65,1.2,0.81,1.3,0.87
1982-01-29,-3.24,-1.28,3.19,1.72,0.8
1982-02-26,-5.86,0.44,6.05,4.88,0.92
1982-03-31,-1.87,-0.21,3.81,2.96,0.98
1982-04-30,3.27,1.47,-2.7,-0.4,1.13
1982-05-28,-3.99,0.52,1.75,2.5,1.06
1982-06-30,-3.09,-0.4,1.53,4.96,0.96
1982-07-30,-3.19,0.83,0.09,4.45,1.05
1982-08-31,11.14,-4.14,0.95,-3.52,0.76
1982-09-30,1.29,2.95,0.28,4.19,0.51
1982-10-29,11.3,2.34,-3.66,0.18,0.59
1982-11-30,4.67,4.67,-1.87,5.95,0.63
1982-12-31,0.55,-0.22,-0.02,0.04,0.67
1983-01-31,3.6,2.73,-0.75,-1.73,0.69
1983-02-28,2.59,3.27,0.7,3.77,0.62
1983-03-31,2.82,1.73,2.02,0.92,0.63
1983-04-29,6.67,0.5,0.49,1.72,0.71
1983-05-31,0.52,6.24,-1.4,-1.56,0.69
1983-06-30,3.07,0.95,-3.9,1.8,0.67
1983-07-29,-4.07,1.5,5.62,-3.13,0.74
1983-08-31,-0.5,-4.28,5.54,-5.65,0.76
1983-09-30,0.91,0.61,1.01,-0.03,0.76
1983-10-31,-3.44,-3.57,4.97,-4.52,0.76
1983-11-30,2.16,2.01,-0.72,-0.13,0.7
1983-12-30,-1.78,-0.27,1.73,0.84,0.73
1984-01-31,-1.92,-0.38,7.58,-2.56,0.76
1984-02-29,-4.82,-1.69,3.33,0.22,0.71
1984-03-30,0.63,0.07,0.46,1.07,0.73
1984-04-30,-0.51,-1.16,1.2,2.07,0.81
1984-05-31,-5.97,0.06,0.31,1.51,0.78
1984-06-29,1.82,-0.3,-2.66,-0.7,0.75
1984-07-31,-2.74,-2.21,0.36,2.85,0.82
1984-08-31,10.28,-0.24,-1.82,-5.59,0.83
1984-09-28,-0.8,0.17,5.28,3.62,0.86
1984-10-31,-0.84,-1.23,0.45,3.16,1.0
1984-11-30,-1.76,-0.65,4.06,1.64,0.73
1984-12-31,1.84,-0.56,-0.26,1.49,0.64
1985-01-31,7.99,3.31,-5.35,-6.82,0.65
1985-02-28,1.22,0.79,-0.1,1.88,0.58
1985-03-29,-0.84,-1.08,4.07,1.58,0.62
1985-04-30,-0.96,0.14,3.72,3.04,0.72
1985-05-31,5.09,-2.22,-0.96,3.99,0.66
1985-06-28,1.27,0.52,0.38,3.57,0.55
1985-07-31,-0.74,2.84,-1.62,-3.91,0.62
1985-08-30,-1.02,-0.3,2.32,1.85,0.55
1985-09-30,-4.54,-1.59,1.29,1.51,0.6
1985-10-31,4.02,-1.51,0.75,4.88,0.65
1985-11-29,6.48,0.25,-2.85,-0.47,0.61
1985-12-31,3.88,-0.51,-1.54,-0.23,0.65
1986-01-31,0.65,1.21,0.44,3.0,0.56
1986-02-28,7.13,-0.54,-0.72,2.76,0.53
1986-03-31,4.88,-0.59,-0.39,2.41,0.6
1986-04-30,-1.31,2.78,-2.87,-0.37,0.52
1986-05-30,4.62,-1.35,-0.21,2.05,0.49
1986-06-30,1.03,-0.96,1.28,5.07,0.52
1986-07-31,-6.45,-3.36,4.7,1.83,0.52
1986-08-29,6.07,-4.17,3.51,-5.28,0.46
1986-09-30,-8.6,2.36,3.22,-5.79,0.45
1986-10-31,4.66,-2.5,-1.42,4.46,0.46
1986-11-28,1.17,-1.91,-0.07,-0.26,0.39
1986-12-31,-3.27,0.13,0.36,0.35,0.49
1987-01-30,12.47,-1.81,-3.16,2.2,0.42
1987-02-27,4.39,3.49,-5.91,-2.07,0.43
1987-03-31,1.64,0.45,1.61,1.68,0.47
1987-04-30,-2.11,-1.69,-0.39,0.22,0.44
1987-05-29,0.11,-0.5,0.23,-0.74,0.38
1987-06-30,3.94,-2.12,1.04,-0.25,0.48
1987-07-31,3.85,-0.69,0.68,2.72,0.46
1987-08-31,3.52,-0.77,-0.93,-0.86,0.47
1987-09-30,-2.59,0.54,0.27,0.77,0.45
1987-10-30,-23.24,-8.43,4.24,-7.86,0.6
1987-11-30,-7.77,2.72,2.95,-1.17,0.35
1987-12-31,6.81,0.13,-4.43,5.87,0.39
1988-01-29,4.21,-0.72,5.01,-7.24,0.29
1988-02-29,4.75,3.34,-1.71,-1.47,0.46
1988-03-31,-2.27,6.15,0.73,0.58,0.44
1988-04-29,0.56,1.0,1.67,2.24,0.46
1988-05-31,-0.29,-2.6,2.42,0.63,0.51
1988-06-30,4.79,2.11,-1.24,-2.93,0.49
1988-07-29,-1.25,-0.25,2.22,0.66,0.51
1988-08-31,-3.31,0.04,2.15,0.35,0.59
1988-09-30,3.3,-1.31,-0.75,0.27,0.62
1988-10-31,1.15,-2.93,2.05,1.33,0.61
1988-11-30,-2.29,-1.72,1.41,0.33,0.57
1988-12-30,1.49,1.95,-1.69,0.49,0.63
1989-01-31,6.1,-2.23,0.6,-0.16,0.55
1989-02-28,-2.25,2.82,1.01,0.99,0.61
1989-03-31,1.57,0.67,0.58,3.51,0.67
1989-04-28,4.33,-0.68,-1.42,1.77,0.67
1989-05-31,3.35,-0.05,-0.88,1.52,0.79
1989-06-30,-1.35,-1.02,2.25,0.43,0.71
1989-07-31,7.2,-4.14,-2.79,5.41,0.7
1989-08-31,1.44,0.56,0.6,-0.12,0.74
1989-09-29,-0.76,0.32,-1.27,3.4,0.65
1989-10-31,-3.67,-3.23,-1.11,1.32,0.68
1989-11-30,1.03,-1.24,-1.09,2.6,0.69
1989-12-29,1.16,-2.36,0.16,2.8,0.61
1990-01-31,-7.85,-1.24,0.85,-3.27,0.57
1990-02-28,1.11,0.99,0.64,-0.55,0.57
1990-03-30,1.83,1.5,-2.92,1.8,0.64
1990-04-30,-3.36,-0.46,-2.59,2.39,0.69
1990-05-31,8.42,-2.53,-3.83,3.03,0.68
1990-06-29,-1.09,1.4,-1.93,2.4,0.63
1990-07-31,-1.9,-3.12,-0.03,6.1,0.68
1990-08-31,-10.15,-3.57,1.64,1.88,0.66
1990-09-28,-6.12,-3.65,0.64,5.78,0.6
1990-10-31,-1.92,-5.57,0.1,6.71,0.68
1990-11-30,6.35,0.43,-3.1,-5.48,0.57
1990-12-31,2.46,0.81,-1.7,0.29,0.6
1991-01-31,4.69,3.81,-1.6,-6.45,0.52
1991-02-28,7.19,3.95,-0.58,-4.61,0.48
1991-03-28,2.65,3.93,-1.39,2.87,0.44
1991-04-30,-0.28,0.48,1.5,-2.36,0.53
1991-05-31,3.65,-0.4,-0.52,-0.11,0.47
1991-06-28,-4.94,0.13,1.15,0.47,0.42
1991-07-31,4.24,-0.92,-1.32,4.32,0.49
1991-08-30,2.32,1.58,-0.78,1.57,0.46
1991-09-30,-1.59,1.64,-1.08,1.79,0.46
1991-10-31,1.29,0.81,-0.47,3.06,0.42
1991-11-29,-4.19,-0.5,-1.89,1.14,0.39
1991-12-31,10.84,-2.24,-4.17,8.19,0.38
1992-01-31,-0.59,8.46,4.71,-2.49,0.34
1992-02-28,1.09,0.87,6.47,-0.53,0.28
1992-03-31,-2.66,-1.04,3.56,-0.29,0.34
1992-04-30,1.07,-6.06,4.34,-2.58,0.32
1992-05-29,0.3,0.41,1.19,0.21,0.28
1992-06-30,-2.34,-3.07,3.24,-0.58,0.32
1992-07-31,3.77,-0.47,-0.56,1.56,0.31
1992-08-31,-2.38,-0.13,-1.1,-0.51,0.26
1992-09-30,1.19,0.54,-0.26,1.49,0.26
1992-10-30,1.02,2.09,-1.98,2.48,0.23
1992-11-30,4.13,3.76,-1.35,-0.15,0.23
1992-12-31,1.53,1.69,2.62,4.31,0.28
1993-01-29,0.93,1.89,5.94,4.83,0.23
1993-02-26,0.12,-3.48,6.42,3.14,0.22
1993-03-31,2.3,0.24,1.18,3.73,0.25
1993-04-30,-3.05,-0.67,2.49,0.38,0.24
1993-05-28,2.89,2.04,-3.42,0.22,0.22
1993-06-30,0.31,-0.29,2.75,4.55,0.25
1993-07-30,-0.34,0.96,2.85,3.16,0.24
1993-08-31,3.71,0.13,0.13,2.65,0.25
1993-09-30,-0.12,3.04,-0.31,3.37,0.26
1993-10-29,1.41,2.03,-2.76,-2.72,0.22
1993-11-30,-1.89,-1.25,-0.74,-4.74,0.25
1993-12-31,1.65,1.23,0.32,2.36,0.23
1994-01-31,2.87,0.34,1.15,0.0,0.25
1994-02-28,-2.55,2.8,-1.54,-0.3,0.21
1994-03-31,-4.78,-1.08,1.6,-1.27,0.27
1994-04-29,0.68,-0.93,1.66,0.39,0.27
1994-05-31,0.58,-2.15,0.67,-2.19,0.31
1994-06-30,-3.03,-0.41,1.67,-0.87,0.31
1994-07-29,2.82,-1.81,0.58,0.18,0.28
1994-08-31,4.01,1.45,-2.51,1.55,0.37
1994-09-30,-2.31,3.14,-1.89,1.31,0.37
1994-10-31,1.34,-2.24,-1.62,1.49,0.38
1994-11-30,-4.04,0.25,-0.7,-0.18,0.37
1994-12-30,0.86,0.22,-0.13,3.48,0.44
1995-01-31,1.8,-3.5,2.57,-1.81,0.42
1995-02-28,3.63,-0.66,1.08,-0.39,0.4
1995-03-31,2.19,-0.16,-2.15,0.43,0.46
1995-04-28,2.11,-0.49,1.71,1.79,0.44
1995-05-31,2.9,-2.55,2.29,-0.42,0.54
1995-06-30,2.72,3.18,-2.54,2.93,0.47
1995-07-31,3.72,2.07,-1.62,2.56,0.45
1995-08-31,0.55,1.35,2.79,0.16,0.47
1995-09-29,3.35,-2.2,-0.04,2.9,0.43
1995-10-31,-1.52,-3.78,-0.5,4.16,0.47
1995-11-30,3.96,-1.09,0.51,-0.68,0.42
1995-12-29,1.03,0.7,0.22,2.52,0.49
1996-01-31,2.26,-2.73,0.38,0.54,0.43
1996-02-29,1.33,1.79,-1.08,0.59,0.39
1996-03-29,0.73,1.49,0.35,-1.84,0.39
1996-04-30,2.06,5.23,-4.02,-0.88,0.46
1996-05-31,2.36,3.17,-0.83,1.54,0.42
1996-06-28,-1.14,-4.01,2.35,0.98,0.4
1996-07-31,-5.97,-4.31,5.14,-0.16,0.45
1996-08-30,2.77,2.44,-0.74,0.01,0.41
1996-09-30,5.01,-0.98,-2.72,2.7,0.44
1996-10-31,0.86,-4.44,4.94,3.79,0.42
1996-11-29,6.25,-4.02,1.39,-2.37,0.41
1996-12-31,-1.7,3.16,1.31,0.63,0.46
1997-01-31,4.99,-1.95,-1.42,1.96,0.45
1997-02-28,-0.49,-3.22,5.67,-2.13,0.39
1997-03-31,-5.03,-0.36,3.39,0.9,0.43
1997-04-30,4.04,-5.77,0.07,4.84,0.43
1997-05-30,6.74,5.19,-4.13,-5.17,0.49
1997-06-30,4.1,1.22,1.58,2.6,0.37
1997-07-31,7.33,-2.74,0.26,3.77,0.43
1997-08-29,-4.15,7.28,1.18,-2.56,0.41
1997-09-30,5.35,2.53,0.37,1.47,0.44
1997-10-31,-3.8,-0.73,2.27,-0.57,0.42
1997-11-28,2.98,-5.12,1.2,0.33,0.39
1997-12-31,1.32,-2.48,3.84,3.98,0.48
1998-01-30,0.15,-1.07,-1.63,0.14,0.43
1998-02-27,7.04,0.32,-0.85,-1.12,0.39
1998-03-31,4.76,-1.14,1.39,2.15,0.39
1998-04-30,0.73,0.07,0.94,0.74,0.43
1998-05-29,-3.07,-3.38,3.44,1.82,0.4
1998-06-30,3.18,-3.21,-1.96,7.28,0.41
1998-07-31,-2.46,-4.91,-1.78,3.69,0.4
1998-08-31,-16.08,-5.69,3.53,1.84,0.43
1998-09-30,6.15,0.09,-3.42,-0.81,0.46
1998-10-30,7.13,-3.12,-2.23,-5.37,0.32
1998-11-30,6.1,1.23,-3.25,1.2,0.31
1998-12-31,6.16,-0.5,-4.19,8.92,0.38
1999-01-29,3.5,0.75,-4.6,3.03,0.35
1999-02-26,-4.08,-6.08,1.92,-0.1,0.35
1999-03-31,3.45,-3.8,-2.74,-1.27,0.43
1999-04-30,4.33,3.91,2.46,-9.04,0.37
1999-05-28,-2.46,3.34,2.35,-5.19,0.34
1999-06-30,4.77,3.1,-3.19,5.06,0.4
1999-07-30,-3.49,2.6,-0.44,1.66,0.38
1999-08-31,-1.38,-0.94,-1.87,3.12,0.39
1999-09-30,-2.79,3.41,-3.49,6.47,0.39
1999-10-29,6.12,-6.64,-3.37,5.5,0.39
1999-11-30,3.37,7.21,-6.12,5.64,0.36
1999-12-31,7.72,7.03,-8.33,13.22,0.44
2000-01-31,-4.74,5.77,-1.88,1.92,0.41
2000-02-29,2.45,21.36,-9.59,18.2,0.43
2000-03-31,5.2,-17.2,8.13,-6.83,0.47
2000-04-28,-6.4,-6.68,7.26,-8.39,0.46
2000-05-31,-4.42,-6.05,4.75,-8.98,0.5
2000-06-30,4.64,12.84,-8.42,16.6,0.4
2000-07-31,-2.51,-3.07,8.31,-0.05,0.48
2000-08-31,7.03,-0.61,-1.39,5.73,0.5
2000-09-29,-5.45,-1.82,7.17,1.97,0.51
2000-10-31,-2.76,-3.88,5.71,-4.48,0.56
2000-11-30,-10.72,-3.41,12.3,-2.32,0.51
2000-12-29,1.19,0.73,7.61,6.74,0.5
2001-01-31,3.13,6.68,-5.07,-25.3,0.54
2001-02-28,-10.05,-0.78,12.47,12.57,0.38
2001-03-30,-7.26,0.25,6.42,8.55,0.42
2001-04-30,7.94,0.55,-4.67,-7.9,0.39
2001-05-31,0.72,2.5,3.36,2.21,0.32
2001-06-29,-1.94,6.24,-1.12,0.38,0.28
2001-07-31,-2.13,-4.19,5.21,5.58,0.3
2001-08-31,-6.46,2.48,2.31,5.53,0.31
2001-09-28,-9.25,-6.23,1.45,11.48,0.28
2001-10-31,2.46,7.48,-7.65,-8.47,0.22
2001-11-30,7.54,-0.47,2.21,-8.69,0.17
2001-12-31,1.6,4.74,0.84,0.07,0.15
2002-01-31,-1.44,1.19,3.44,3.75,0.14
2002-02-28,-2.29,-1.01,2.16,6.82,0.13
2002-03-28,4.24,4.21,1.06,-1.64,0.13
2002-04-30,-5.2,5.96,3.88,7.63,0.15
2002-05-31,-1.38,-3.21,1.53,3.16,0.14
2002-06-28,-7.21,4.29,-0.05,6.03,0.13
2002-07-31,-8.18,-5.28,-3.85,3.77,0.15
2002-08-30,0.5,-2.86,3.28,1.9,0.14
2002-09-30,-10.35,2.4,1.47,9.13,0.14
2002-10-31,7.84,-3.41,-3.95,-5.58,0.14
2002-11-29,5.96,3.18,-1.23,-16.33,0.12
2002-12-31,-5.76,0.09,2.14,9.64,0.11
2003-01-31,-2.57,1.33,-0.83,1.55,0.1
2003-02-28,-1.88,-0.45,-1.39,1.17,0.09
2003-03-31,1.09,1.02,-1.93,1.48,0.1
2003-04-30,8.22,0.63,1.14,-9.33,0.1
2003-05-30,6.05,4.67,0.4,-10.7,0.09
2003-06-30,1.42,1.74,0.11,-1.0,0.1
2003-07-31,2.35,5.06,-1.24,-0.24,0.07
2003-08-29,2.34,2.59,1.53,-0.62,0.07
2003-09-30,-1.24,0.8,0.16,-0.19,0.08
2003-10-31,6.08,2.7,1.97,3.99,0.07
2003-11-28,1.35,2.08,1.78,1.46,0.07
2003-12-31,4.29,-2.68,1.6,-5.57,0.08
2004-01-30,2.15,2.55,2.49,2.58,0.07
2004-02-27,1.4,-1.58,0.9,-1.14,0.06
2004-03-31,-1.32,1.72,0.27,0.17,0.09
2004-04-30,-1.83,-1.68,-3.1,-5.38,0.08
2004-05-28,1.17,-0.2,-0.25,1.5,0.06
2004-06-30,1.86,2.26,1.18,2.05,0.08
2004-07-30,-4.06,-3.81,3.24,-2.29,0.1
2004-08-31,0.08,-1.48,0.97,-1.59,0.11
2004-09-30,1.6,3.01,0.0,5.49,0.11
2004-10-29,1.43,0.15,-0.22,-1.38,0.11
2004-11-30,4.54,3.74,1.41,3.16,0.15
2004-12-31,3.43,-0.03,-0.22,-2.87,0.16
2005-01-31,-2.76,-1.72,2.06,3.05,0.16
2005-02-28,1.89,-0.57,1.54,3.37,0.16
2005-03-31,-1.97,-1.4,2.04,0.41,0.21
2005-04-29,-2.61,-3.94,0.07,-0.69,0.21
2005-05-31,3.65,2.89,-0.64,0.45,0.24
2005-06-30,0.57,2.58,2.83,2.05,0.23
2005-07-29,3.92,2.91,-0.79,0.06,0.24
2005-08-31,-1.22,-0.97,1.32,2.08,0.3
2005-09-30,0.49,-0.65,0.71,3.43,0.29
2005-10-31,-2.02,-1.25,0.42,-1.39,0.27
2005-11-30,3.61,0.99,-1.16,0.35,0.31
2005-12-30,-0.25,-0.42,0.2,0.77,0.32
2006-01-31,3.04,5.39,1.08,2.53,0.35
2006-02-28,-0.3,-0.38,-0.34,-1.84,0.34
2006-03-31,1.46,3.44,0.6,1.26,0.37
2006-04-28,0.73,-1.42,2.34,0.64,0.36
2006-05-31,-3.57,-2.96,2.41,-3.7,0.43
2006-06-30,-0.35,-0.39,0.85,1.54,0.4
2006-07-31,-0.78,-3.98,2.6,-2.12,0.4
2006-08-31,2.03,1.03,-2.06,-3.38,0.42
2006-09-29,1.84,-1.36,0.08,-0.96,0.41
2006-10-31,3.23,1.75,-0.31,-0.2,0.41
2006-11-30,1.71,0.7,0.14,-1.03,0.42
2006-12-29,0.87,-1.14,2.73,0.79,0.4
2007-01-31,1.4,0.13,-0.68,0.24,0.44
2007-02-28,-1.96,1.19,-0.14,-1.35,0.38
2007-03-30,0.68,0.16,-0.97,2.56,0.43
2007-04-30,3.49,-2.16,-1.45,-0.24,0.44
2007-05-31,3.24,0.24,-0.65,-0.34,0.41
2007-06-29,-1.96,0.74,-1.05,0.51,0.4
2007-07-31,-3.73,-2.61,-3.71,2.94,0.4
2007-08-31,0.92,-0.12,-1.86,0.1,0.42
2007-09-28,3.22,-2.23,-2.21,4.63,0.32
2007-10-31,1.8,0.08,-2.98,5.02,0.32
2007-11-30,-4.83,-2.93,-0.94,0.99,0.34
2007-12-31,-0.87,0.13,-0.55,6.63,0.27
2008-01-31,-6.36,-1.03,3.97,-7.75,0.21
2008-02-29,-3.09,-0.43,-0.84,6.1,0.13
2008-03-31,-0.93,0.71,0.3,4.27,0.17
2008-04-30,4.6,-1.72,-0.94,-0.31,0.18
2008-05-30,1.86,2.96,-1.43,3.31,0.18
2008-06-30,-8.44,1.23,-2.71,12.75,0.17
2008-07-31,-0.77,2.61,5.42,-5.13,0.15
2008-08-29,1.53,3.6,1.59,-4.02,0.13
2008-09-30,-9.24,-1.23,5.91,0.28,0.15
2008-10-31,-17.23,-2.6,-2.3,7.85,0.08
2008-11-28,-7.86,-2.85,-6.31,7.17,0.03
2008-12-31,1.74,3.46,0.14,-5.09,0.0
2009-01-30,-8.12,0.07,-11.29,-2.18,0.0
2009-02-27,-10.1,0.05,-6.95,4.41,0.01
2009-03-31,8.95,0.03,3.47,-11.87,0.02
2009-04-30,10.18,5.4,5.36,-34.3,0.01
2009-05-29,5.21,-2.52,0.28,-12.49,0.0
2009-06-30,0.43,2.63,-2.73,5.48,0.01
2009-07-31,7.72,1.87,4.83,-5.55,0.01
2009-08-31,3.33,-1.08,7.63,-9.07,0.01
2009-09-30,4.08,2.43,1.05,-4.79,0.01
2009-10-30,-2.59,-4.35,-4.21,2.61,0.0
2009-11-30,5.56,-2.4,-0.34,0.3,0.0
2009-12-31,2.75,6.05,-0.17,3.01,0.01
2010-01-29,-3.36,0.4,0.43,-5.4,0.0
2010-02-26,3.4,1.19,3.23,3.74,0.0
2010-03-31,6.31,1.48,2.21,3.76,0.01
2010-04-30,2.0,4.87,2.89,3.16,0.01
2010-05-28,-7.89,0.09,-2.44,-0.25,0.01
2010-06-30,-5.57,-1.82,-4.7,-2.76,0.01
2010-07-30,6.93,0.2,-0.31,1.88,0.01
2010-08-31,-4.77,-3.0,-1.9,-0.06,0.01
2010-09-30,9.54,3.96,-3.16,1.41,0.01
2010-10-29,3.88,1.14,-2.43,1.58,0.01
2010-11-30,0.6,3.77,-0.96,2.66,0.01
2010-12-31,6.82,0.73,3.7,-3.03,0.01
2011-01-31,1.99,-2.5,0.83,-0.29,0.01
2011-02-28,3.49,1.53,1.27,1.99,0.01
2011-03-31,0.46,2.54,-1.83,3.4,0.01
2011-04-29,2.9,-0.38,-2.43,0.04,0.0
2011-05-31,-1.27,-0.59,-2.12,-0.62,0.0
2011-06-30,-1.75,-0.12,-0.42,1.78,0.0
2011-07-29,-2.35,-1.26,-0.9,0.18,0.0
2011-08-31,-5.99,-3.05,-2.36,-0.28,0.01
2011-09-30,-7.59,-3.31,-1.72,-2.42,0.0
2011-10-31,11.35,3.28,0.1,-1.43,0.0
2011-11-30,-0.28,-0.16,-0.46,3.84,0.0
2011-12-30,0.74,-0.59,1.63,1.81,0.0
2012-01-31,5.05,2.04,-0.97,-7.91,0.0
2012-02-29,4.42,-1.85,0.43,-0.29,0.0
2012-03-30,3.11,-0.64,1.14,1.3,0.0
2012-04-30,-0.85,-0.42,-0.78,3.75,0.0
2012-05-31,-6.19,0.07,-1.07,6.49,0.01
2012-06-29,3.89,0.67,0.62,-1.06,0.0
2012-07-31,0.79,-2.74,-0.02,3.04,0.0
2012-08-31,2.55,0.47,1.3,-2.37,0.01
2012-09-28,2.73,0.5,1.6,-1.14,0.01
2012-10-31,-1.76,-1.15,3.59,0.14,0.01
2012-11-30,0.78,0.63,-0.84,0.49,0.01
2012-12-31,1.18,1.48,3.51,-2.86,0.01
2013-01-31,5.57,0.33,0.96,-1.79,0.0
2013-02-28,1.29,-0.27,0.11,1.29,0.0
2013-03-28,4.03,0.81,-0.19,1.92,0.0
2013-04-30,1.55,-2.37,0.45,0.22,0.0
2013-05-31,2.8,1.7,2.63,-2.02,0.0
2013-06-28,-1.2,1.33,0.03,0.52,0.0
2013-07-31,5.65,1.87,0.57,1.76,0.0
2013-08-30,-2.71,0.27,-2.69,0.02,0.0
2013-09-30,3.77,2.88,-1.22,3.06,0.0
2013-10-31,4.18,-1.53,1.25,0.08,0.0
2013-11-29,3.13,1.29,0.32,0.44,0.0
2013-12-31,2.81,-0.46,-0.02,0.02,0.0
2014-01-31,-3.32,0.89,-2.07,1.71,0.0
2014-02-28,4.65,0.35,-0.31,2.07,0.0
2014-03-31,0.43,-1.81,4.93,-3.29,0.0
2014-04-30,-0.19,-4.19,1.17,-3.89,0.0
2014-05-30,2.06,-1.88,-0.13,0.87,0.0
2014-06-30,2.61,3.09,-0.7,0.69,0.0
2014-07-31,-2.04,-4.29,0.03,-0.12,0.0
2014-08-29,4.24,0.4,-0.45,0.82,0.0
2014-09-30,-1.97,-3.71,-1.34,0.5,0.0
2014-10-31,2.52,4.21,-1.81,-0.06,0.0
2014-11-28,2.55,-2.06,-3.09,0.69,0.0
2014-12-31,-0.06,2.49,2.27,1.12,0.0
2015-01-30,-3.11,-0.56,-3.58,3.84,0.0
2015-02-27,6.13,0.63,-1.86,-2.82,0.0
2015-03-31,-1.12,3.04,-0.37,2.74,0.0
2015-04-30,0.59,-3.06,1.82,-7.27,0.0
2015-05-29,1.36,0.93,-1.14,5.82,0.0
2015-06-30,-1.53,2.91,-0.79,3.01,0.0
2015-07-31,1.54,-4.17,-4.13,9.98,0.0
2015-08-31,-6.04,0.33,2.77,-2.09,0.0
2015-09-30,-3.07,-2.62,0.56,5.22,0.0
2015-10-30,7.75,-1.88,-0.46,-3.28,0.0
2015-11-30,0.56,3.6,-0.42,2.28,0.0
2015-12-31,-2.17,-2.84,-2.61,3.36,0.01
2016-01-29,-5.77,-3.42,2.09,1.44,0.01
2016-02-29,-0.07,0.73,-0.57,-4.38,0.02
2016-03-31,6.96,0.82,1.19,-5.01,0.02
2016-04-29,0.91,0.76,3.28,-6.02,0.01
2016-05-31,1.78,-0.17,-1.66,1.42,0.01
2016-06-30,-0.05,0.61,-1.48,4.13,0.02
2016-07-29,3.95,2.49,-1.32,-3.34,0.02
2016-08-31,0.49,1.15,3.18,-3.49,0.02
2016-09-30,0.25,2.12,-1.24,0.19,0.02
2016-10-31,-2.02,-4.4,4.09,0.59,0.02
2016-11-30,4.86,5.71,8.21,-4.62,0.01
2016-12-30,1.82,0.1,3.53,-0.26,0.03
2017-01-31,1.94,-1.19,-2.75,-0.93,0.04
2017-02-28,3.57,-2.05,-1.67,-1.65,0.04
2017-03-31,0.17,1.14,-3.35,-1.02,0.03
2017-04-28,1.09,0.73,-2.13,0.48,0.05
2017-05-31,1.06,-2.57,-3.78,1.48,0.06
2017-06-30,0.78,2.25,1.48,-0.09,0.06
2017-07-31,1.87,-1.51,-0.31,1.68,0.07
2017-08-31,0.16,-1.67,-2.09,3.26,0.09
2017-09-29,2.51,4.47,3.14,-1.32,0.09
2017-10-31,2.25,-1.94,0.2,4.27,0.09
2017-11-30,3.12,-0.55,-0.03,-0.87,0.08
2017-12-29,1.06,-1.32,0.06,-1.54,0.09
2018-01-31,5.57,-3.13,-1.29,4.05,0.12
2018-02-28,-3.65,0.25,-1.04,3.58,0.11
2018-03-29,-2.35,4.06,-0.21,-1.13,0.11
2018-04-30,0.28,1.13,0.54,0.36,0.14
2018-05-31,2.65,5.25,-3.2,3.89,0.14
2018-06-29,0.48,1.14,-2.34,-2.35,0.14
2018-07-31,3.19,-2.22,0.47,-1.41,0.16
2018-08-31,3.44,1.14,-3.94,5.29,0.16
2018-09-28,0.06,-2.27,-1.7,0.04,0.15
2018-10-31,-7.68,-4.78,3.4,-1.99,0.19
2018-11-30,1.69,-0.68,0.3,-1.37,0.18
2018-12-31,-9.57,-2.38,-1.84,2.11,0.2
2019-01-31,8.4,2.9,-0.46,-8.68,0.21
2019-02-28,3.4,2.05,-2.67,0.86,0.18
2019-03-29,1.1,-3.05,-4.17,2.21,0.19
2019-04-30,3.97,-1.74,2.15,-2.97,0.21
2019-05-31,-6.94,-1.32,-2.37,7.56,0.21
2019-06-28,6.93,0.29,-0.71,-2.3,0.18
2019-07-31,1.19,-1.93,0.48,2.89,0.19
2019-08-30,-2.58,-2.38,-4.78,6.92,0.16
2019-09-30,1.43,-0.96,6.75,-6.81,0.18
2019-10-31,2.06,0.29,-1.91,0.15,0.16
2019-11-29,3.87,0.77,-2.02,-2.66,0.12
2019-12-31,2.77,0.73,1.75,-1.77,0.14
2020-01-31,-0.11,-3.11,-6.25,5.98,0.13
2020-02-28,-8.13,1.07,-3.81,-0.4,0.12
2020-03-31,-13.39,-4.83,-13.87,7.97,0.13
2020-04-30,13.65,2.45,-1.33,-5.23,0.0
2020-05-29,5.58,2.47,-4.88,0.43,0.01
2020-06-30,2.46,2.69,-2.2,-0.73,0.01
2020-07-31,5.77,-2.33,-1.41,7.61,0.01
2020-08-31,7.63,-0.22,-2.97,0.55,0.01
2020-09-30,-3.63,0.02,-2.71,3.12,0.01
2020-10-30,-2.1,4.38,4.25,-3.05,0.01
2020-11-30,12.47,5.8,2.09,-12.43,0.01
2020-12-31,4.63,4.89,-1.51,-2.32,0.01
2021-01-29,-0.03,7.36,3.01,4.5,0.01
2021-02-26,2.78,2.05,7.15,-7.89,0.0
2021-03-31,3.08,-2.37,7.39,-6.14,0.0
2021-04-30,4.93,-3.19,-0.95,1.16,0.0
2021-05-28,0.29,-0.25,7.09,0.88,0.0
2021-06-30,2.75,1.68,-7.87,2.2,0.0
2021-07-30,1.27,-3.97,-1.78,-2.28,0.0
2021-08-31,2.91,-0.42,-0.15,2.45,0.0
2021-09-30,-4.37,0.71,5.08,1.49,0.0
2021-10-29,6.65,-2.35,-0.49,3.19,0.0
2021-11-30,-1.55,-1.32,-0.45,0.88,0.0
2021-12-31,3.1,-1.67,3.26,-2.6,0.01
2022-01-31,-6.25,-5.94,12.75,-2.6,0.0
2022-02-28,-2.29,2.19,3.08,1.76,0.0
2022-03-31,3.05,-1.61,-1.81,3.01,0.01
2022-04-29,-9.46,-1.39,6.17,4.87,0.01
2022-05-31,-0.34,-1.83,8.39,2.43,0.03
2022-06-30,-8.43,2.1,-5.97,0.75,0.06
2022-07-29,9.57,2.81,-4.05,-3.95,0.08
2022-08-31,-3.77,1.4,0.29,2.04,0.19
2022-09-30,-9.35,-0.81,0.05,3.51,0.19
2022-10-31,7.83,0.06,8.01,3.96,0.23
2022-11-30,4.6,-3.52,1.38,-1.98,0.29
2022-12-30,-6.41,-0.69,1.37,4.55,0.33
2023-01-31,6.65,5.01,-4.01,-16.01,0.35
2023-02-28,-2.58,1.17,-0.81,0.15,0.34
2023-03-31,2.51,-5.51,-8.85,-2.47,0.36
2023-04-28,0.61,-3.35,-0.04,1.62,0.35
2023-05-31,0.35,1.61,-7.72,-0.63,0.36
2023-06-30,6.46,1.54,-0.26,-2.37,0.4
2023-07-31,3.21,2.08,4.11,-3.98,0.45
2023-08-31,-2.39,-3.16,-1.06,3.77,0.45
2023-09-29,-5.24,-2.51,1.52,0.26,0.43
