caldt,mkt,ewmkt
1926-01-30,0.000561,0.023174
1926-02-27,-0.033046,-0.05351
1926-03-31,-0.064002,-0.096824
1926-04-30,0.037029,0.032975
1926-05-28,0.012095,0.001035
1926-06-30,0.053664,0.050487
1926-07-31,0.031411,0.013051
1926-08-31,0.028647,0.031002
1926-09-30,0.005787,-0.006499
1926-10-30,-0.028996,-0.03463
1926-11-30,0.028554,0.024776
1926-12-31,0.029211,0.025516
1927-01-31,0.002416,0.012556
1927-02-28,0.04537,0.055748
1927-03-31,0.003756,-0.01929
1927-04-30,0.007225,0.007494
1927-05-31,0.057773,0.062691
1927-06-30,-0.021087,-0.019708
1927-07-30,0.075279,0.05808
1927-08-31,0.02249,0.004247
1927-09-30,0.049924,0.032308
1927-10-31,-0.04077,-0.038529
1927-11-30,0.068453,0.097758
1927-12-31,0.023782,0.029677
1928-01-31,-0.00334,0.032441
1928-02-29,-0.014478,-0.022508
1928-03-31,0.090478,0.071583
1928-04-30,0.043846,0.087466
1928-05-31,0.01769,0.037591
1928-06-30,-0.045245,-0.069074
1928-07-31,0.0094,0.003047
1928-08-31,0.070206,0.058396
1928-09-29,0.031498,0.049244
1928-10-31,0.019228,0.017469
1928-11-30,0.1215,0.115202
1928-12-31,0.005557,-0.005552
1929-01-31,0.053935,0.033526
1929-02-28,-0.000446,0.006487
1929-03-28,-0.007808,-0.032105
1929-04-30,0.017179,0.014024
1929-05-31,-0.059923,-0.091046
1929-06-29,0.101573,0.073428
1929-07-31,0.045958,0.018561
1929-08-30,0.085343,0.028368
1929-09-30,-0.050455,-0.04373
1929-10-31,-0.196684,-0.212145
1929-11-27,-0.123812,-0.122533
1929-12-31,0.01639,-0.025598
1930-01-31,0.058407,0.109826
1930-02-28,0.028242,0.033599
1930-03-31,0.074631,0.103754
1930-04-30,-0.020541,-0.0416
1930-05-29,-0.01401,-0.037227
1930-06-30,-0.15998,-0.188159
1930-07-31,0.041964,0.037631
1930-08-29,0.003663,-0.017319
1930-09-30,-0.124805,-0.150475
1930-10-31,-0.086579,-0.096057
1930-11-29,-0.028057,-0.024128
1930-12-31,-0.077739,-0.136846
1931-01-31,0.063781,0.141091
1931-02-28,0.109695,0.156753
1931-03-31,-0.062866,-0.061871
1931-04-30,-0.100219,-0.15087
1931-05-29,-0.133835,-0.140379
1931-06-30,0.14034,0.18217
1931-07-31,-0.066438,-0.070214
1931-08-31,0.003078,-0.018724
1931-09-30,-0.291731,-0.312753
1931-10-31,0.081509,0.105333
1931-11-30,-0.088402,-0.088217
1931-12-31,-0.134971,-0.187239
1932-01-30,-0.010534,0.08592
1932-02-29,0.057663,0.022732
1932-03-31,-0.110599,-0.119564
1932-04-30,-0.179417,-0.181056
1932-05-31,-0.206198,-0.202303
1932-06-30,-0.004289,0.041277
1932-07-30,0.340643,0.433499
1932-08-31,0.371388,0.668096
1932-09-30,-0.028649,-0.059442
1932-10-31,-0.132553,-0.164792
1932-11-30,-0.05826,-0.073874
1932-12-31,0.045227,-0.036622
1933-01-31,0.009813,0.035884
1933-02-28,-0.153204,-0.155443
1933-03-31,0.033105,0.100121
1933-04-29,0.394143,0.518249
1933-05-31,0.213261,0.605986
1933-06-30,0.133364,0.22643
1933-07-31,-0.096342,-0.092417
1933-08-31,0.121285,0.114552
1933-09-30,-0.105836,-0.150009
1933-10-31,-0.08365,-0.107887
1933-11-29,0.099896,0.065094
1933-12-30,0.017876,0.017242
1934-01-31,0.126779,0.315546
1934-02-28,-0.024287,0.010863
1934-03-31,0.004425,0.008062
1934-04-30,-0.018345,0.000264
1934-05-31,-0.072273,-0.10724
1934-06-30,0.025345,0.003578
1934-07-31,-0.109363,-0.186037
1934-08-31,0.057043,0.098561
1934-09-29,-0.002362,-0.011748
1934-10-31,-0.018895,-0.01923
1934-11-30,0.082096,0.128705
1934-12-31,0.003554,0.014735
1935-01-31,-0.033416,-0.029663
1935-02-28,-0.019462,-0.056016
1935-03-30,-0.036013,-0.073353
1935-04-30,0.090452,0.101628
1935-05-31,0.034561,0.024401
1935-06-29,0.057796,0.040189
1935-07-31,0.07416,0.110382
1935-08-31,0.026773,0.083084
1935-09-30,0.026074,0.023798
1935-10-31,0.069439,0.082776
1935-11-30,0.052872,0.145782
1935-12-31,0.046926,0.060243
1936-01-31,0.069559,0.150165
1936-02-29,0.025402,0.045619
1936-03-31,0.008253,0.005947
1936-04-30,-0.081481,-0.122963
1936-05-29,0.052043,0.051218
1936-06-30,0.024671,-0.000325
1936-07-31,0.065954,0.08193
1936-08-31,0.01095,0.021447
1936-09-30,0.011899,0.032668
1936-10-31,0.069986,0.063755
1936-11-30,0.032855,0.091427
1936-12-31,0.002796,0.027306
1937-01-30,0.033258,0.076221
1937-02-27,0.013114,0.023904
1937-03-31,-0.002732,0.001065
1937-04-30,-0.075416,-0.101024
1937-05-28,-0.007054,-0.024524
1937-06-30,-0.041748,-0.076702
1937-07-31,0.089725,0.099611
1937-08-31,-0.048365,-0.052749
1937-09-30,-0.136623,-0.193182
1937-10-30,-0.095798,-0.101549
1937-11-30,-0.083053,-0.108638
1937-12-31,-0.040774,-0.099215
1938-01-31,0.006776,0.04206
1938-02-28,0.058013,0.061061
1938-03-31,-0.238416,-0.285564
1938-04-30,0.145963,0.206199
1938-05-31,-0.039053,-0.070462
1938-06-30,0.237914,0.306353
1938-07-30,0.072097,0.121836
1938-08-31,-0.027139,-0.063787
1938-09-30,0.008912,-0.014633
1938-10-31,0.078927,0.144539
1938-11-30,-0.018206,-0.036531
1938-12-31,0.04192,0.033472
1939-01-31,-0.060381,-0.075729
1939-02-28,0.035255,0.041384
1939-03-31,-0.120727,-0.173763
1939-04-29,-0.001932,0.002429
1939-05-31,0.068971,0.086137
1939-06-30,-0.053626,-0.083303
1939-07-31,0.102243,0.135497
1939-08-31,-0.067264,-0.106495
1939-09-30,0.161815,0.391878
1939-10-31,-0.004191,-0.006939
1939-11-30,-0.037131,-0.081311
1939-12-30,0.029686,0.017811
1940-01-31,-0.024215,-0.019978
1940-02-29,0.014758,0.029733
1940-03-30,0.018643,0.026168
1940-04-30,0.000837,0.013115
1940-05-31,-0.221112,-0.269754
1940-06-29,0.066856,0.06655
1940-07-31,0.031923,0.036805
1940-08-31,0.024296,0.023221
1940-09-30,0.023118,0.037208
1940-10-31,0.030143,0.049218
1940-11-30,-0.016753,-0.001669
1940-12-31,0.006586,-0.018789
1941-01-31,-0.041227,-0.007317
1941-02-28,-0.013801,-0.019409
1941-03-31,0.009515,0.014308
1941-04-30,-0.054018,-0.057382
1941-05-31,0.013141,0.010105
1941-06-30,0.058495,0.066908
1941-07-31,0.059543,0.130139
1941-08-30,-0.001156,-0.00718
1941-09-30,-0.007611,-0.020448
1941-10-31,-0.052926,-0.06203
1941-11-29,-0.020271,-0.034209
1941-12-31,-0.046692,-0.081886
1942-01-31,0.008979,0.130813
1942-02-28,-0.023651,-0.017579
1942-03-31,-0.065145,-0.05224
1942-04-30,-0.043583,-0.04626
1942-05-29,0.060174,0.028879
1942-06-30,0.025772,0.025086
1942-07-31,0.035327,0.046405
1942-08-31,0.018408,0.028304
1942-09-30,0.027069,0.047557
1942-10-31,0.069088,0.101293
1942-11-30,0.001177,-0.013177
1942-12-31,0.05129,0.035555
1943-01-30,0.073382,0.168551
1943-02-27,0.060478,0.13093
1943-03-31,0.061795,0.112135
1943-04-30,0.007333,0.035466
1943-05-29,0.057142,0.084513
1943-06-30,0.017351,0.010979
1943-07-31,-0.047753,-0.064335
1943-08-31,0.013444,0.003373
1943-09-30,0.024077,0.034867
1943-10-30,-0.011573,-0.003943
1943-11-30,-0.059903,-0.088585
1943-12-31,0.064217,0.09873
1944-01-31,0.01803,0.045949
1944-02-29,0.003459,0.013018
1944-03-31,0.024768,0.041526
1944-04-29,-0.016484,-0.029289
1944-05-31,0.050909,0.066135
1944-06-30,0.056842,0.104935
1944-07-31,-0.015194,-0.012724
1944-08-31,0.015597,0.030082
1944-09-30,0.000453,0.000252
1944-10-31,0.002119,0.000953
1944-11-30,0.016668,0.023183
1944-12-30,0.04107,0.069303
1945-01-31,0.020218,0.043353
1945-02-28,0.064477,0.086339
1945-03-31,-0.039177,-0.056802
1945-04-30,0.078232,0.088844
1945-05-31,0.018185,0.030017
1945-06-30,0.004676,0.036565
1945-07-31,-0.022066,-0.035068
1945-08-31,0.061826,0.065928
1945-09-29,0.048297,0.062646
1945-10-31,0.038749,0.064522
1945-11-30,0.054859,0.097574
1945-12-31,0.013003,0.024073
1946-01-31,0.063402,0.094677
1946-02-28,-0.058257,-0.066906
1946-03-30,0.057941,0.057922
1946-04-30,0.042293,0.052109
1946-05-31,0.040195,0.054749
1946-06-28,-0.038668,-0.048887
1946-07-31,-0.026309,-0.040842
1946-08-30,-0.064468,-0.075327
1946-09-30,-0.102023,-0.135552
1946-10-31,-0.014164,-0.011814
1946-11-30,0.000697,-0.002634
1946-12-31,0.050161,0.046908
1947-01-31,0.013084,0.030197
1947-02-28,-0.011091,-0.007105
1947-03-31,-0.01679,-0.030426
1947-04-30,-0.047698,-0.08168
1947-05-29,-0.009625,-0.037321
1947-06-30,0.053227,0.057096
1947-07-31,0.041348,0.06167
1947-08-29,-0.017357,-0.017166
1947-09-30,-0.004667,0.005783
1947-10-31,0.024831,0.033157
1947-11-29,-0.01875,-0.029305
1947-12-31,0.030708,0.023863
1948-01-31,-0.037908,-0.016276
1948-02-28,-0.043422,-0.059451
1948-03-31,0.082628,0.095843
1948-04-30,0.038128,0.040151
1948-05-28,0.074319,0.08763
1948-06-30,-0.00028,-0.012534
1948-07-30,-0.050288,-0.053733
1948-08-31,0.003762,-0.001818
1948-09-30,-0.029813,-0.042785
1948-10-30,0.060316,0.053201
1948-11-30,-0.092077,-0.10632
1948-12-31,0.032566,0.013703
1949-01-31,0.003074,0.017749
1949-02-28,-0.028852,-0.041302
1949-03-31,0.041538,0.059309
1949-04-30,-0.017972,-0.03149
1949-05-31,-0.028488,-0.043168
1949-06-30,0.00218,-0.007713
1949-07-29,0.056377,0.062022
1949-08-31,0.026916,0.02602
1949-09-30,0.032082,0.043249
1949-10-31,0.031801,0.039025
1949-11-30,0.018535,0.0094
1949-12-31,0.052267,0.07012
1950-01-31,0.017764,0.040293
1950-02-28,0.015234,0.016102
1950-03-31,0.012742,-0.00177
1950-04-29,0.040678,0.047443
1950-05-31,0.044173,0.033185
1950-06-30,-0.058018,-0.075737
1950-07-31,0.016122,0.050635
1950-08-31,0.050875,0.051892
1950-09-29,0.049044,0.055013
1950-10-31,-0.001184,-0.005504
1950-11-30,0.029056,0.031622
1950-12-30,0.057946,0.084545
1951-01-31,0.058735,0.076248
1951-02-28,0.014086,0.011586
1951-03-31,-0.021115,-0.03389
1951-04-30,0.050061,0.040814
1951-05-31,-0.022464,-0.02492
1951-06-29,-0.025533,-0.044929
1951-07-31,0.071611,0.063332
1951-08-31,0.045004,0.047438
1951-09-28,0.009087,0.023631
1951-10-31,-0.022629,-0.023609
1951-11-30,0.006193,0.007185
1951-12-31,0.035266,0.015248
1952-01-31,0.017002,0.017491
1952-02-29,-0.025141,-0.02065
1952-03-31,0.04587,0.028864
1952-04-30,-0.049148,-0.044936
1952-05-29,0.032847,0.024515
1952-06-30,0.039575,0.030728
1952-07-31,0.011404,0.010652
1952-08-29,-0.006733,5.6e-05
1952-09-30,-0.019147,-0.01516
1952-10-31,-0.005309,-0.011717
1952-11-28,0.059347,0.055644
1952-12-31,0.031066,0.022641
1953-01-30,-0.001644,0.024706
1953-02-27,-0.00182,0.012031
1953-03-31,-0.012862,-0.010486
1953-04-30,-0.027705,-0.024027
1953-05-29,0.006921,0.005896
1953-06-30,-0.016377,-0.031671
1953-07-31,0.025111,0.017571
1953-08-31,-0.044056,-0.051874
1953-09-30,0.00301,-0.011005
1953-10-30,0.047523,0.037834
1953-11-30,0.028501,0.021317
1953-12-31,0.000678,-0.015444
1954-01-29,0.052722,0.071683
1954-02-26,0.017551,0.013576
1954-03-31,0.037377,0.02915
1954-04-30,0.043162,0.016373
1954-05-28,0.031704,0.043151
1954-06-30,0.01156,0.012275
1954-07-30,0.050668,0.071989
1954-08-31,-0.022763,-0.009175
1954-09-30,0.064633,0.044308
1954-10-29,-0.016216,-0.00686
1954-11-30,0.095387,0.092199
1954-12-31,0.055469,0.087724
1955-01-31,0.006838,0.014124
1955-02-28,0.031354,0.042781
1955-03-31,-0.000995,0.00053
1955-04-29,0.032352,0.022598
1955-05-31,0.012033,0.007814
1955-06-30,0.066108,0.034694
1955-07-29,0.020246,0.008001
1955-08-31,0.004197,0.005764
1955-09-30,-0.002009,-0.007751
1955-10-31,-0.025752,-0.017815
1955-11-30,0.071864,0.055257
1955-12-30,0.016543,0.022836
1956-01-31,-0.02812,-0.020746
1956-02-29,0.03961,0.033613
1956-03-29,0.068456,0.051383
1956-04-30,0.005083,0.003827
1956-05-31,-0.049309,-0.039964
1956-06-29,0.037251,0.021712
1956-07-31,0.05083,0.039967
1956-08-31,-0.02982,-0.018161
1956-09-28,-0.049608,-0.035938
1956-10-31,0.007292,0.007063
1956-11-30,0.004678,0.005277
1956-12-31,0.034957,0.023122
1957-01-31,-0.032121,0.003613
1957-02-28,-0.018703,-0.023299
1957-03-29,0.024112,0.022499
1957-04-30,0.045179,0.025909
1957-05-31,0.036679,0.022263
1957-06-28,-0.005054,-0.006747
1957-07-31,0.008938,0.00561
1957-08-30,-0.050051,-0.05019
1957-09-30,-0.057586,-0.052982
1957-10-31,-0.041251,-0.065213
1957-11-29,0.025605,0.021027
1957-12-31,-0.037361,-0.049129
1958-01-31,0.049595,0.106481
1958-02-28,-0.014257,-0.011845
1958-03-31,0.0337,0.035918
1958-04-30,0.030833,0.030171
1958-05-29,0.024582,0.039475
1958-06-30,0.029493,0.031729
1958-07-31,0.044844,0.054168
1958-08-29,0.019181,0.029878
1958-09-30,0.04868,0.052239
1958-10-31,0.027184,0.032975
1958-11-28,0.03061,0.042114
1958-12-31,0.0531,0.03879
1959-01-30,0.00912,0.041502
1959-02-27,0.01122,0.028113
1959-03-31,0.004669,0.012223
1959-04-30,0.037899,0.025714
1959-05-29,0.019595,0.008206
1959-06-30,0.000676,0.004149
1959-07-31,0.034362,0.030062
1959-08-31,-0.012446,-0.014839
1959-09-30,-0.044977,-0.04576
1959-10-30,0.015746,0.023206
1959-11-30,0.018557,0.01504
1959-12-31,0.028043,0.021177
1960-01-29,-0.066244,-0.039202
1960-02-29,0.014419,0.008478
1960-03-31,-0.012822,-0.024876
1960-04-29,-0.015271,-0.01973
1960-05-31,0.034098,0.025546
1960-06-30,0.022833,0.021609
1960-07-29,-0.022705,-0.019598
1960-08-31,0.032215,0.037948
1960-09-30,-0.058673,-0.059525
1960-10-31,-0.004705,-0.02323
1960-11-30,0.048617,0.046494
1960-12-30,0.048537,0.037495
1961-01-31,0.063952,0.082048
1961-02-28,0.037005,0.06013
1961-03-30,0.03061,0.049888
1961-04-28,0.005645,0.009487
1961-05-31,0.025894,0.041572
1961-06-30,-0.028499,-0.042415
1961-07-31,0.029955,0.011517
1961-08-31,0.026854,0.021358
1961-09-29,-0.01999,-0.029686
1961-10-31,0.027331,0.020988
1961-11-30,0.045451,0.046461
1961-12-29,0.000713,-0.003757
1962-01-31,-0.036147,-0.007807
1962-02-28,0.019512,0.015405
1962-03-30,-0.004688,-0.006241
1962-04-30,-0.063435,-0.068134
1962-05-31,-0.08462,-0.098186
1962-06-29,-0.082615,-0.085125
1962-07-31,0.065438,0.064
1962-08-31,0.023417,0.037308
1962-09-28,-0.050158,-0.064045
1962-10-31,0.002188,-0.039485
1962-11-30,0.110137,0.121176
1962-12-31,0.011865,-0.025561
1963-01-31,0.051848,0.08914
1963-02-28,-0.021931,-0.014477
1963-03-29,0.032917,0.012027
1963-04-30,0.047439,0.02689
1963-05-31,0.020051,0.032306
1963-06-28,-0.018031,-0.010383
1963-07-31,-0.001717,-0.006304
1963-08-30,0.052684,0.042305
1963-09-30,-0.011898,-0.010373
1963-10-31,0.027708,0.012208
1963-11-29,-0.005549,-0.016139
1963-12-31,0.021737,-0.004228
1964-01-31,0.02579,0.032092
1964-02-28,0.017207,0.025173
1964-03-31,0.017636,0.02551
1964-04-30,0.004607,0.001004
1964-05-28,0.017403,0.007507
1964-06-30,0.01508,0.010411
1964-07-31,0.020118,0.030162
1964-08-31,-0.011266,-0.006038
1964-09-30,0.03048,0.038248
1964-10-30,0.008869,0.018821
1964-11-30,0.00309,-0.000516
1964-12-31,0.00369,-0.012365
1965-01-29,0.038646,0.071403
1965-02-26,0.006946,0.032315
1965-03-31,-0.009715,0.015393
1965-04-30,0.033652,0.04156
1965-05-28,-0.004351,-0.005845
1965-06-30,-0.051868,-0.083718
1965-07-30,0.01676,0.028634
1965-08-31,0.030883,0.041844
1965-09-30,0.031952,0.02742
1965-10-29,0.029271,0.058679
1965-11-30,0.003065,0.046544
1965-12-31,0.013545,0.042981
1966-01-31,0.012122,0.06417
1966-02-28,-0.008621,0.028865
1966-03-31,-0.020923,-0.008889
1966-04-29,0.024837,0.046619
1966-05-31,-0.052538,-0.086024
1966-06-30,-0.010317,-0.004988
1966-07-29,-0.01287,-0.016316
1966-08-31,-0.075388,-0.100714
1966-09-30,-0.006958,-0.018161
1966-10-31,0.042294,-0.014385
1966-11-30,0.017516,0.040725
1966-12-30,0.00621,0.017306
1967-01-31,0.08553,0.172103
1967-02-28,0.010945,0.042368
1967-03-31,0.043384,0.058244
1967-04-28,0.041609,0.041928
1967-05-31,-0.039293,-0.008098
1967-06-30,0.026902,0.081958
1967-07-31,0.04919,0.083251
1967-08-31,-0.006282,0.006312
1967-09-29,0.034286,0.062963
1967-10-31,-0.027433,-0.020594
1967-11-30,0.007902,0.000878
1967-12-29,0.033699,0.080465
1968-01-31,-0.036331,0.023902
1968-02-29,-0.033624,-0.056118
1968-03-29,0.005117,-0.011218
1968-04-30,0.094148,0.143031
1968-05-31,0.02704,0.091309
1968-06-28,0.011527,0.016225
1968-07-30,-0.022024,-0.02621
1968-08-30,0.018037,0.035918
1968-09-30,0.044454,0.068808
1968-10-31,0.009042,0.006913
1968-11-29,0.058501,0.071994
1968-12-31,-0.033873,0.005896
1969-01-31,-0.006711,-0.001688
1969-02-28,-0.053641,-0.085728
1969-03-28,0.030505,0.02029
1969-04-30,0.020527,0.003459
1969-05-29,0.00504,0.006262
1969-06-30,-0.067388,-0.113404
1969-07-31,-0.065171,-0.095823
1969-08-29,0.051491,0.052175
1969-09-30,-0.02259,-0.024618
1969-10-31,0.055638,0.092413
1969-11-28,-0.032164,-0.055078
1969-12-31,-0.01968,-0.066178
1970-01-30,-0.073254,-0.03883
1970-02-27,0.056706,0.040196
1970-03-31,-0.004729,-0.023712
1970-04-30,-0.105318,-0.161962
1970-05-29,-0.064346,-0.090525
1970-06-30,-0.051067,-0.073888
1970-07-31,0.07417,0.059258
1970-08-31,0.050036,0.061618
1970-09-30,0.047535,0.126098
1970-10-30,-0.018208,-0.058604
1970-11-30,0.050449,0.003021
1970-12-31,0.060723,0.081324
1971-01-29,0.05203,0.136096
1971-02-26,0.016913,0.04791
1971-03-31,0.044778,0.056603
1971-04-30,0.033332,0.027087
1971-05-28,-0.036409,-0.049436
1971-06-30,0.003119,-0.01724
1971-07-30,-0.040283,-0.053634
1971-08-31,0.042511,0.041159
1971-09-30,-0.005016,-0.004653
1971-10-29,-0.040683,-0.057468
1971-11-30,-0.001262,-0.03415
1971-12-31,0.091257,0.117128
1972-01-31,0.028382,0.103892
1972-02-29,0.031349,0.041809
1972-03-30,0.008723,-0.000951
1972-04-28,0.005505,0.001231
1972-05-31,0.016376,-0.018121
1972-06-30,-0.020897,-0.033775
1972-07-31,-0.004254,-0.029488
1972-08-31,0.035966,0.012252
1972-09-29,-0.00767,-0.030725
1972-10-31,0.008676,-0.013767
1972-11-30,0.049764,0.051096
1972-12-29,0.011243,-0.019873
1973-01-31,-0.027454,-0.026131
1973-02-28,-0.04437,-0.072835
1973-03-30,-0.007857,-0.028976
1973-04-30,-0.051769,-0.07062
1973-05-31,-0.024508,-0.083582
1973-06-29,-0.008648,-0.037745
1973-07-31,0.056961,0.105922
1973-08-31,-0.029657,-0.044417
1973-09-28,0.053931,0.072995
1973-10-31,-0.000415,0.000303
1973-11-30,-0.120713,-0.175252
1973-12-31,0.011437,-0.041764
1974-01-31,0.004413,0.132374
1974-02-28,0.002345,0.008623
1974-03-29,-0.023364,0.008379
1974-04-30,-0.045961,-0.055537
1974-05-31,-0.041981,-0.072545
1974-06-28,-0.022942,-0.033483
1974-07-31,-0.070874,-0.051915
1974-08-30,-0.087757,-0.085788
1974-09-30,-0.109718,-0.079025
1974-10-31,0.165584,0.088877
1974-11-29,-0.041046,-0.051395
1974-12-31,-0.027005,-0.080744
1975-01-31,0.141599,0.29926
1975-02-28,0.058412,0.053918
1975-03-31,0.030191,0.081497
1975-04-30,0.046497,0.031093
1975-05-30,0.05514,0.072876
1975-06-30,0.051473,0.071792
1975-07-31,-0.060385,-0.00896
1975-08-29,-0.023558,-0.048118
1975-09-30,-0.03801,-0.038867
1975-10-31,0.055857,0.01472
1975-11-28,0.031222,0.01674
1975-12-31,-0.010998,-0.000599
1976-01-30,0.126012,0.190037
1976-02-27,0.00731,0.106291
1976-03-31,0.02674,0.018109
1976-04-30,-0.010402,-0.00381
1976-05-28,-0.009326,-0.01968
1976-06-30,0.044521,0.02651
1976-07-30,-0.006136,0.002236
1976-08-31,-0.001398,-0.016673
1976-09-30,0.024513,0.01699
1976-10-29,-0.020372,-0.022586
1976-11-30,0.005363,0.026686
1976-12-31,0.061591,0.10241
1977-01-31,-0.036326,0.036903
1977-02-28,-0.015744,0.0044
1977-03-31,-0.009249,0.010654
1977-04-29,0.004962,0.016931
1977-05-31,-0.010777,0.00287
1977-06-30,0.051369,0.051503
1977-07-29,-0.012806,0.012362
1977-08-31,-0.013338,-0.001211
1977-09-30,0.001572,0.014968
1977-10-31,-0.039278,-0.02319
1977-11-30,0.04544,0.070872
1977-12-30,0.008223,0.021081
1978-01-31,-0.055199,-0.011152
1978-02-28,-0.009275,0.026008
1978-03-31,0.034009,0.067839
1978-04-28,0.082853,0.079317
1978-05-31,0.02323,0.06762
1978-06-30,-0.010749,0.010292
1978-07-31,0.056741,0.052394
1978-08-31,0.04237,0.093578
1978-09-29,-0.006889,0.0062
1978-10-31,-0.110995,-0.17728
1978-11-30,0.033787,0.038205
1978-12-29,0.017708,0.014346
1979-01-31,0.04953,0.093695
1979-02-28,-0.026765,-0.016269
1979-03-30,0.065613,0.084167
1979-04-30,0.00852,0.028815
1979-05-31,-0.013571,-0.006845
1979-06-29,0.046852,0.054663
1979-07-31,0.014991,0.021366
1979-08-31,0.064732,0.075616
1979-09-28,0.001426,-0.001172
1979-10-31,-0.072662,-0.097915
1979-11-30,0.063604,0.065295
1979-12-31,0.028215,0.067485
1980-01-31,0.065607,0.105129
1980-02-29,0.001015,-0.006301
1980-03-31,-0.120224,-0.165043
1980-04-30,0.052287,0.053461
1980-05-30,0.060091,0.071249
1980-06-30,0.037714,0.046176
1980-07-31,0.069438,0.089279
1980-08-29,0.023554,0.063984
1980-09-30,0.029498,0.052459
1980-10-31,0.020095,0.047525
1980-11-28,0.104952,0.069264
1980-12-31,-0.034411,-0.032416
1981-01-30,-0.040085,0.005615
1981-02-27,0.015519,0.00215
1981-03-31,0.046183,0.072674
1981-04-30,-0.011266,0.027885
1981-05-29,0.013546,0.027188
1981-06-30,-0.010243,-0.013194
1981-07-31,-0.003079,-0.01998
1981-08-31,-0.056281,-0.071906
1981-09-30,-0.063776,-0.090061
1981-10-30,0.060162,0.069728
1981-11-30,0.045848,0.021667
1981-12-31,-0.028096,-0.019694
1982-01-29,-0.026209,-0.017347
1982-02-26,-0.051126,-0.047987
1982-03-31,-0.010101,-0.012065
1982-04-30,0.043269,0.052242
1982-05-28,-0.028213,-0.02249
1982-06-30,-0.023913,-0.036699
1982-07-30,-0.020526,-0.014776
1982-08-31,0.119016,0.063285
1982-09-30,0.016766,0.033164
1982-10-29,0.118632,0.128447
1982-11-30,0.051941,0.092037
1982-12-31,0.01451,0.023447
1983-01-31,0.041844,0.117062
1983-02-28,0.030215,0.047266
1983-03-31,0.034678,0.050515
1983-04-29,0.074185,0.080687
1983-05-31,0.013225,0.091741
1983-06-30,0.037837,0.046341
1983-07-29,-0.03157,-0.017556
1983-08-31,0.003465,-0.03292
1983-09-30,0.016027,3e-05
1983-10-31,-0.028038,-0.059261
1983-11-30,0.029556,0.031713
1983-12-30,-0.010464,-0.019672
1984-01-31,-0.013025,0.005424
1984-02-29,-0.039073,-0.050767
1984-03-30,0.01339,0.007449
1984-04-30,0.002538,-0.020521
1984-05-31,-0.05232,-0.051536
1984-06-29,0.023384,0.011996
1984-07-31,-0.020623,-0.050303
1984-08-31,0.112691,0.088817
1984-09-28,0.000403,-0.000377
1984-10-31,-7.3e-05,-0.023756
1984-11-30,-0.010685,-0.031506
1984-12-31,0.023653,0.002732
1985-01-31,0.085719,0.121475
1985-02-28,0.016898,0.046034
1985-03-29,-0.001747,-0.003581
1985-04-30,-0.002187,-0.009652
1985-05-31,0.055774,0.022222
1985-06-28,0.017091,0.002103
1985-07-31,-0.000251,0.021382
1985-08-30,-0.004794,-0.002214
1985-09-30,-0.039826,-0.056859
1985-10-31,0.044441,0.017652
1985-11-29,0.069228,0.052563
1985-12-31,0.043062,0.028021
1986-01-31,0.00983,0.044071
1986-02-28,0.072501,0.060381
1986-03-31,0.053887,0.047192
1986-04-30,-0.007903,0.01614
1986-05-30,0.050847,0.036194
1986-06-30,0.014244,0.008087
1986-07-31,-0.0597,-0.073128
1986-08-29,0.066183,0.023269
1986-09-30,-0.07902,-0.059071
1986-10-31,0.049305,0.023777
1986-11-28,0.015093,-0.006263
1986-12-31,-0.026387,-0.034609
1987-01-30,0.128499,0.117565
1987-02-27,0.047922,0.074612
1987-03-31,0.023665,0.036284
1987-04-30,-0.016996,-0.017707
1987-05-29,0.005123,0.000599
1987-06-30,0.043655,0.021487
1987-07-31,0.044247,0.035123
1987-08-31,0.037147,0.014544
1987-09-30,-0.020773,-0.015876
1987-10-30,-0.225361,-0.272248
1987-11-30,-0.072272,-0.05085
1987-12-31,0.070324,0.026065
1988-01-29,0.044875,0.077392
1988-02-29,0.051691,0.060265
1988-03-31,-0.016598,0.03569
1988-04-29,0.010993,0.014016
1988-05-31,0.000447,-0.017672
1988-06-30,0.051457,0.047668
1988-07-29,-0.007272,0.000297
1988-08-31,-0.028006,-0.025001
1988-09-30,0.037204,0.016951
1988-10-31,0.017645,-0.011481
1988-11-30,-0.016411,-0.036484
1988-12-30,0.021071,0.018872
1989-01-31,0.066101,0.062124
1989-02-28,-0.016442,0.002988
1989-03-31,0.021465,0.01806
1989-04-28,0.048207,0.029089
1989-05-31,0.039336,0.025054
1989-06-30,-0.004856,-0.007744
1989-07-31,0.077128,0.031018
1989-08-31,0.022126,0.018626
1989-09-29,-0.001473,0.005532
1989-10-31,-0.029285,-0.049936
1989-11-30,0.017816,-0.005805
1989-12-29,0.018294,-0.012375
1990-01-31,-0.070114,-0.046408
1990-02-28,0.0149,0.015434
1990-03-30,0.024148,0.021315
1990-04-30,-0.028283,-0.028117
1990-05-31,0.088935,0.045673
1990-06-29,-0.004193,0.005359
1990-07-31,-0.009392,-0.025731
1990-08-31,-0.091903,-0.10892
1990-09-28,-0.053844,-0.080468
1990-10-31,-0.012499,-0.057155
1990-11-30,0.065742,0.035468
1990-12-31,0.029511,-0.004526
1991-01-31,0.049083,0.084175
1991-02-28,0.075848,0.133898
1991-03-28,0.028922,0.078293
1991-04-30,0.003311,0.031957
1991-05-31,0.040737,0.031368
1991-06-28,-0.044024,-0.031774
1991-07-31,0.046779,0.03418
1991-08-30,0.026807,0.027503
1991-09-30,-0.010979,0.008131
1991-10-31,0.017847,0.024656
1991-11-29,-0.037291,-0.023735
1991-12-31,0.106782,0.035353
1992-01-31,-0.001164,0.14997
1992-02-28,0.013355,0.052124
1992-03-31,-0.023699,-0.014169
1992-04-30,0.013414,-0.033262
1992-05-29,0.006407,0.005678
1992-06-30,-0.019258,-0.039225
1992-07-31,0.0399,0.027617
1992-08-31,-0.020819,-0.0239
1992-09-30,0.012461,0.01105
1992-10-30,0.010983,0.016229
1992-11-30,0.040181,0.066683
1992-12-31,0.01774,0.035676
1993-01-29,0.012616,0.06762
1993-02-26,0.005425,-0.007198
1993-03-31,0.025089,0.031462
1993-04-30,-0.025391,-0.011112
1993-05-28,0.029572,0.038752
1993-06-30,0.005434,0.013419
1993-07-30,-0.000806,0.013724
1993-08-31,0.039496,0.039698
1993-09-30,0.000629,0.025507
1993-10-29,0.018051,0.040518
1993-11-30,-0.017601,-0.024467
1993-12-31,0.019554,0.01619
1994-01-31,0.031459,0.049166
1994-02-28,-0.024207,-0.009953
1994-03-31,-0.045795,-0.045962
1994-04-29,0.009495,-0.011728
1994-05-31,0.009353,-0.000831
1994-06-30,-0.02788,-0.028182
1994-07-29,0.030657,0.01577
1994-08-31,0.042629,0.036756
1994-09-30,-0.018338,0.004862
1994-10-31,0.014521,-0.003304
1994-11-30,-0.037206,-0.040742
1994-12-30,0.01258,-0.013423
1995-01-31,0.020353,0.027865
1995-02-28,0.039647,0.028368
1995-03-31,0.027064,0.019515
1995-04-28,0.025048,0.026975
1995-05-31,0.033909,0.020271
1995-06-30,0.031142,0.049907
1995-07-31,0.040801,0.054701
1995-08-31,0.0093,0.032033
1995-09-29,0.036354,0.026404
1995-10-31,-0.011339,-0.041472
1995-11-30,0.042771,0.016652
1995-12-29,0.015192,0.008913
1996-01-31,0.028121,0.034647
1996-02-29,0.016353,0.032308
1996-03-29,0.010914,0.024085
1996-04-30,0.02556,0.058047
1996-05-31,0.02681,0.062641
1996-06-28,-0.008289,-0.032178
1996-07-31,-0.053851,-0.079598
1996-08-30,0.032451,0.045604
1996-09-30,0.052985,0.02875
1996-10-31,0.013673,-0.020868
1996-11-29,0.065594,0.024702
1996-12-31,-0.011381,-0.002622
1997-01-31,0.053473,0.063834
1997-02-28,-0.001067,-0.0103
1997-03-31,-0.044889,-0.049226
1997-04-30,0.042396,-0.021596
1997-05-30,0.07164,0.085195
1997-06-30,0.044081,0.043145
1997-07-31,0.076513,0.048824
1997-08-29,-0.036323,0.027608
1997-09-30,0.058453,0.081744
1997-10-31,-0.034433,-0.026151
1997-11-28,0.030354,-0.022064
1997-12-31,0.017822,-0.023876
1998-01-30,0.004511,0.015367
1998-02-27,0.073321,0.06046
1998-03-31,0.051273,0.046884
1998-04-30,0.010924,0.023244
1998-05-29,-0.025746,-0.042571
1998-06-30,0.031839,-0.02915
1998-07-31,-0.023377,-0.050547
1998-08-31,-0.15786,-0.196405
1998-09-30,0.063814,0.043246
1998-10-30,0.074406,0.037821
1998-11-30,0.062001,0.075913
1998-12-31,0.063058,0.018853
1999-01-29,0.038447,0.064862
1999-02-26,-0.038083,-0.042172
1999-03-31,0.037926,-0.00137
1999-04-30,0.049092,0.083902
1999-05-28,-0.020708,0.025137
1999-06-30,0.050824,0.038402
1999-07-30,-0.030834,0.007275
1999-08-31,-0.009918,-0.030613
1999-09-30,-0.022669,-0.01423
1999-10-29,0.062107,-0.001401
1999-11-30,0.036822,0.091441
1999-12-31,0.083745,0.084839
2000-01-31,-0.039622,0.050642
2000-02-29,0.03176,0.120494
2000-03-31,0.053499,-0.000422
2000-04-28,-0.059519,-0.088513
2000-05-31,-0.038863,-0.057338
2000-06-30,0.051576,0.079304
2000-07-31,-0.017679,-0.019303
2000-08-31,0.074984,0.0593
2000-09-29,-0.051154,-0.040045
2000-10-31,-0.02448,-0.066833
2000-11-30,-0.102365,-0.118569
2000-12-29,0.02045,-0.007054
2001-01-31,0.039573,0.225038
2001-02-28,-0.099084,-0.074487
2001-03-30,-0.070408,-0.072662
2001-04-30,0.083834,0.076441
2001-05-31,0.010442,0.062197
2001-06-29,-0.017561,0.007725
2001-07-31,-0.018284,-0.028403
2001-08-31,-0.05898,-0.035013
2001-09-28,-0.091497,-0.127787
2001-10-31,0.027847,0.078125
2001-11-30,0.078789,0.080799
2001-12-31,0.017854,0.05772
2002-01-31,-0.015966,0.018192
2002-02-28,-0.0217,-0.033065
2002-03-28,0.044698,0.07465
2002-04-30,-0.0496,-0.003165
2002-05-31,-0.01051,-0.015507
2002-06-28,-0.070259,-0.067317
2002-07-31,-0.081125,-0.107497
2002-08-30,0.007949,0.006337
2002-09-30,-0.099923,-0.08449
2002-10-31,0.07494,0.042773
2002-11-29,0.061282,0.117775
2002-12-31,-0.053334,-0.040159
2003-01-31,-0.023367,0.006068
2003-02-28,-0.015417,-0.021448
2003-03-31,0.010321,0.009434
2003-04-30,0.082768,0.098231
2003-05-30,0.063471,0.133178
2003-06-30,0.016346,0.049745
2003-07-31,0.023112,0.061927
2003-08-29,0.024965,0.047429
2003-09-30,-0.00912,0.025239
2003-10-31,0.060361,0.080954
2003-11-28,0.016594,0.038147
2003-12-31,0.045476,0.038909
2004-01-30,0.023042,0.065763
2004-02-27,0.015443,0.01372
2004-03-31,-0.010662,0.006293
2004-04-30,-0.024222,-0.04359
2004-05-28,0.014068,0.002593
2004-06-30,0.021611,0.022731
2004-07-30,-0.037698,-0.051091
2004-08-31,0.002703,-0.00474
2004-09-30,0.020556,0.041601
2004-10-29,0.017806,0.020845
2004-11-30,0.048214,0.079935
2004-12-31,0.03517,0.052928
2005-01-31,-0.026546,-0.029282
2005-02-28,0.022646,0.016643
2005-03-31,-0.016944,-0.031842
2005-04-29,-0.025206,-0.046512
2005-05-31,0.037954,0.04382
2005-06-30,0.011529,0.032139
2005-07-29,0.043358,0.058751
2005-08-31,-0.005958,-0.007216
2005-09-30,0.0106,0.010533
2005-10-31,-0.020866,-0.033876
2005-11-30,0.040326,0.034319
2005-12-30,0.003458,0.013486
2006-01-31,0.040072,0.076354
2006-02-28,-0.001639,0.004836
2006-03-31,0.019065,0.036978
2006-04-28,0.013,0.009791
2006-05-31,-0.031032,-0.044331
2006-06-30,-0.000391,-0.008479
2006-07-31,-0.001912,-0.022698
2006-08-31,0.025042,0.025011
2006-09-29,0.019425,0.009002
2006-10-31,0.037153,0.046186
2006-11-30,0.023737,0.031168
2006-12-29,0.010857,0.014799
2007-01-31,0.019387,0.022283
2007-02-28,-0.014006,0.002111
2007-03-30,0.012954,0.006545
2007-04-30,0.039834,0.027048
2007-05-31,0.038953,0.023123
2007-06-29,-0.014747,-0.007907
2007-07-31,-0.03179,-0.043537
2007-08-31,0.011593,-0.011712
2007-09-28,0.040822,0.025364
2007-10-31,0.02591,0.017406
2007-11-30,-0.049362,-0.076621
2007-12-31,-0.004405,-0.011018
2008-01-31,-0.062218,-0.045066
2008-02-29,-0.021697,-0.021401
2008-03-31,-0.010444,-0.025309
2008-04-30,0.051199,0.031907
2008-05-30,0.023935,0.031787
2008-06-30,-0.078436,-0.086592
2008-07-31,-0.013413,-0.001295
2008-08-29,0.010597,0.013023
2008-09-30,-0.098172,-0.120112
2008-10-31,-0.184833,-0.205222
2008-11-28,-0.084681,-0.130321
2008-12-31,0.022232,0.042176
2009-01-30,-0.077471,-0.024042
2009-02-27,-0.100166,-0.107606
2009-03-31,0.086803,0.107474
2009-04-30,0.109466,0.192762
2009-05-29,0.067787,0.102329
2009-06-30,-0.003019,0.023921
2009-07-31,0.08178,0.085217
2009-08-31,0.03151,0.056864
2009-09-30,0.045281,0.071255
2009-10-30,-0.028072,-0.050612
2009-11-30,0.057075,0.028476
2009-12-31,0.028475,0.055001
2010-01-29,-0.037172,-0.011388
2010-02-26,0.034744,0.033603
2010-03-31,0.063668,0.069289
2010-04-30,0.020036,0.057844
2010-05-28,-0.07924,-0.076929
2010-06-30,-0.05078,-0.056799
2010-07-30,0.07036,0.05994
2010-08-31,-0.042864,-0.047566
2010-09-30,0.091628,0.096402
2010-10-29,0.038592,0.040681
2010-11-30,0.005117,0.010736
2010-12-31,0.067182,0.068851
2011-01-31,0.019183,0.014412
2011-02-28,0.038156,0.037036
2011-03-31,0.003341,0.008605
2011-04-29,0.028597,0.019203
2011-05-31,-0.014948,-0.01855
2011-06-30,-0.018447,-0.024106
2011-07-29,-0.022534,-0.021813
2011-08-31,-0.057564,-0.075715
2011-09-30,-0.084983,-0.10092
2011-10-31,0.114146,0.107697
2011-11-30,-0.00627,-0.020645
2011-12-30,0.003676,-0.003561
2012-01-31,0.054106,0.085342
2012-02-29,0.041225,0.036494
2012-03-30,0.02402,0.017608
2012-04-30,-0.006829,-0.009106
2012-05-31,-0.06559,-0.068418
2012-06-29,0.038151,0.034188
2012-07-31,0.010307,-0.003281
2012-08-31,0.026317,0.024819
2012-09-28,0.026513,0.034925
2012-10-31,-0.014055,-0.013477
2012-11-30,0.006217,0.00279
2012-12-31,0.012569,0.021872
2013-01-31,0.054142,0.063509
2013-02-28,0.008282,0.003491
2013-03-28,0.035295,0.031419
2013-04-30,0.014939,0.002477
2013-05-31,0.019128,0.023985
2013-06-28,-0.015072,-0.013012
2013-07-31,0.052658,0.054898
2013-08-30,-0.02575,-0.017278
2013-09-30,0.037497,0.051828
2013-10-31,0.039889,0.025762
2013-11-29,0.024956,0.023398
2013-12-31,0.02614,0.02524
2014-01-31,-0.03002,-0.001282
2014-02-28,0.046198,0.044257
2014-03-31,0.00454,0.001028
2014-04-30,0.001573,-0.022319
2014-05-30,0.020254,0.006647
2014-06-30,0.027973,0.039501
2014-07-31,-0.020555,-0.035223
2014-08-29,0.040205,0.033697
2014-09-30,-0.025196,-0.044988
2014-10-31,0.021164,0.014199
2014-11-28,0.021104,-0.002458
2014-12-31,-0.003659,-0.000189
2015-01-30,-0.027163,-0.019073
2015-02-27,0.055915,0.05412
2015-03-31,-0.010397,-0.005112
2015-04-30,0.008766,0.015127
2015-05-29,0.010277,0.00397
2015-06-30,-0.019231,-0.013459
2015-07-31,0.012108,-0.02713
2015-08-31,-0.059926,-0.047295
2015-09-30,-0.033756,-0.049906
2015-10-30,0.073937,0.052851
2015-11-30,0.002404,0.007326
2015-12-31,-0.022209,-0.03586
2016-01-29,-0.057085,-0.074934
2016-02-29,0.00062,0.005564
2016-03-31,0.070491,0.078181
2016-04-29,0.011718,0.039818
2016-05-31,0.01434,-0.000584
2016-06-30,0.002947,0.005847
2016-07-29,0.038815,0.0499
2016-08-31,0.0028,0.012873
2016-09-30,0.003013,0.015368
2016-10-31,-0.021544,-0.03993
2016-11-30,0.040488,0.050508
2016-12-30,0.018763,0.015897
2017-01-31,0.022153,0.025937
2017-02-28,0.032598,0.017121
2017-03-31,0.002062,0.006378
2017-04-28,0.009655,0.003709
2017-05-31,0.009335,-0.011301
2017-06-30,0.009571,0.02296
2017-07-31,0.020277,0.009082
2017-08-31,0.0016,-0.008726
2017-09-29,0.023729,0.046845
2017-10-31,0.019275,0.002239
2017-11-30,0.027232,0.020843
2017-12-29,0.012122,0.014185
2018-01-31,0.050577,0.029441
2018-02-28,-0.039455,-0.040026
2018-03-29,-0.018421,0.001242
2018-04-30,0.004679,0.008169
2018-05-31,0.026146,0.034593
2018-06-29,0.005359,0.00279
2018-07-31,0.031573,0.006837
2018-08-31,0.030233,0.019201
2018-09-28,0.000425,-0.010332
2018-10-31,-0.074045,-0.082375
2018-11-30,0.018512,0.000656
2018-12-31,-0.08989,-0.099321
2019-01-31,0.088294,0.12026
2019-02-28,0.032724,0.038572
2019-03-29,0.012962,-0.003908
2019-04-30,0.037893,0.020355
2019-05-31,-0.061679,-0.064571
2019-06-28,0.067279,0.049002
2019-07-31,0.011854,-0.005245
2019-08-30,-0.020339,-0.040001
2019-09-30,0.016033,0.017681
2019-10-31,0.019257,0.006291
2019-11-29,0.034999,0.026601
2019-12-31,0.028489,0.044379
2020-01-31,-0.001728,-0.013334
2020-02-28,-0.077918,-0.069815
2020-03-31,-0.141733,-0.207503
2020-04-30,0.129674,0.153867
2020-05-29,0.053739,0.06407
2020-06-30,0.025299,0.057391
2020-07-31,0.055532,0.040737
2020-08-31,0.068442,0.038884
2020-09-30,-0.035056,-0.027357
2020-10-30,-0.020178,0.000584
2020-11-30,0.123707,0.174412
2020-12-31,0.045048,0.072853
2021-01-29,-0.000631,0.073192
2021-02-26,0.029196,0.067528
2021-03-31,0.030573,0.012449
2021-04-30,0.04819,0.016612
2021-05-28,0.007092,0.013179
2021-06-30,0.023422,0.021482
2021-07-30,0.011828,-0.033644
2021-08-31,0.027146,0.018892
2021-09-30,-0.042243,-0.028472
2021-10-29,0.064651,0.026557
2021-11-30,-0.018351,-0.04654
2021-12-31,0.033341,-0.00176
2022-01-31,-0.059823,-0.068191
2022-02-28,-0.021838,-0.007412
2022-03-31,0.030506,0.015438
2022-04-29,-0.089387,-0.089642
2022-05-31,-0.002113,-0.016103
2022-06-30,-0.083998,-0.068797
2022-07-29,0.090351,0.06536
2022-08-31,-0.036233,-0.011555
2022-09-30,-0.091323,-0.099903
2022-10-31,0.077394,0.049863
2022-11-30,0.052354,0.028123
2022-12-30,-0.05712,-0.047241
2023-01-31,0.071823,0.12643
2023-02-28,-0.024666,-0.035291
2023-03-31,0.02395,-0.036554
2023-04-28,0.008976,-0.009518
2023-05-31,0.000708,-0.008776
2023-06-30,0.066183,0.052624
2023-07-31,0.035624,0.043309
2023-08-31,-0.020605,-0.052542
2023-09-29,-0.04739,-0.055443
2023-10-31,-0.028867,-0.060887
2023-11-30,0.092057,0.080251
2023-12-29,0.053468,0.08384
